0
1
2
3
4
5
6
7
8
9
10
11
12
13
14
15
16
17
18
19
20
21
22
23
24
25
26
27
28
29
30
31
32
33
34
35
36
37
38
39
40
41
42
43
44
45
46
47
48
49
50
51
52
53
54
55
56
57
58
59
60
61
62
63
64
65
66
67
68
69
70
71
72
73
74
75
76
77
78
79
80
81
82
83
84
85
86
87
88
89
90
91
92
93
94
95
96
97
98
99
100
101
102
103
104
105
106
107
108
109
110
111
112
113
114
115
116
117
118
119
120
121
122
123
124
125
126
127
128
129
130
131
132
133
134
135
136
137
138
139
140
141
142
143
144
145
146
147
148
149
150
151
152
153
154
155
156
157
158
159
160
161
162
163
164
165
166
167
168
169
170
171
172
173
174
175
176
177
178
179
180
181
182
183
184
185
186
187
188
189
190
191
192
193
194
195
196
197
198
199
200
201
202
203
204
205
206
207
208
209
210
211
212
213
214
215
216
217
218
219
220
221
222
223
224
225
226
227
228
229
230
231
232
233
234
235
236
237
238
239
240
241
242
243
244
245
246
247
248
249
250
251
252
253
254
255
256
257
258
259
260
261
262
263
264
265
266
267
268
269
270
271
272
273
274
275
276
277
278
279
280
281
282
283
284
285
286
287
288
289
290
291
292
293
294
295
296
297
298
299
300
301
302
303
304
305
306
307
308
309
310
311
312
313
314
315
316
317
318
319
320
321
322
323
324
325
326
327
328
329
330
331
332
333
334
335
336
337
338
339
340
341
342
343
344
345
346
347
348
349
350
351
352
353
354
355
356
357
358
359
360
361
362
363
364
365
366
367
368
369
370
371
372
373
374
375
376
377
378
379
380
381
382
383
384
385
386
387
388
389
390
391
392
393
394
395
396
397
398
399
400
401
402
403
404
405
406
407
408
409
410
411
412
413
414
415
416
417
418
419
420
421
422
423
424
425
426
427
428
429
430
431
432
433
434
435
436
437
438
439
440
441
442
443
444
445
446
447
448
449
450
451
452
453
454
455
456
457
458
459
460
461
462
463
464
465
466
467
468
469
470
471
472
473
474
475
476
477
478
479
480
481
482
483
484
485
486
487
488
489
490
491
492
493
494
495
496
497
498
499
500
501
502
503
504
505
506
507
508
509
510
511
512
513
514
515
516
517
518
519
520
521
522
523
524
525
526
527
528
529
530
531
532
533
534
535
536
537
538
539
540
541
542
543
544
545
546
547
548
549
550
551
552
553
554
555
556
557
558
559
560
561
562
563
564
565
566
567
568
569
570
571
572
573
574
575
576
577
578
579
580
581
582
583
584
585
586
587
588
589
590
591
592
593
594
595
596
597
598
599
600
601
602
603
604
605
606
607
608
609
610
611
612
613
614
615
616
617
618
619
620
621
622
623
624
625
626
627
628
629
630
631
632
633
634
635
636
637
638
639
640
641
642
643
644
645
646
647
648
649
650
651
652
653
654
655
656
657
658
659
660
661
662
663
664
665
666
667
668
669
670
671
672
673
674
675
676
677
678
679
680
681
682
683
684
685
686
687
688
689
690
691
692
693
694
695
696
697
698
699
700
701
702
703
704
705
706
707
708
709
710
711
712
713
714
715
716
717
718
719
720
721
722
723
724
725
726
727
728
729
730
731
732
733
734
735
736
737
738
739
740
741
742
743
744
745
746
747
748
749
750
751
752
753
754
755
756
757
758
759
760
761
762
763
764
765
766
767
768
769
770
771
772
773
774
775
776
777
778
779
780
781
782
783
784
785
786
787
788
789
790
791
792
793
794
795
796
797
798
799
800
801
802
803
804
805
806
807
808
809
810
811
812
813
814
815
816
817
818
819
820
821
822
823
824
825
826
827
828
829
830
831
832
833
834
835
836
837
838
839
840
841
842
843
844
845
846
847
848
849
850
851
852
853
854
855
856
857
858
859
860
861
862
863
864
865
866
867
868
869
870
871
872
873
874
875
876
877
878
879
880
881
882
883
884
885
886
887
888
889
890
891
892
893
894
895
896
897
898
899
900
901
902
903
904
905
906
907
908
909
910
911
912
913
914
915
916
917
918
919
920
921
922
923
924
925
926
927
928
929
930
931
932
933
934
935
936
937
938
939
940
941
942
943
944
945
946
947
948
949
950
951
952
953
954
955
956
957
958
959
960
961
962
963
964
965
966
967
968
969
970
971
972
973
974
975
976
977
978
979
980
981
982
983
984
985
986
987
988
989
990
991
992
993
994
995
996
997
998
999
1000
1001
1002
1003
1004
1005
1006
1007
1008
1009
1010
1011
1012
1013
1014
1015
1016
1017
1018
1019
1020
1021
1022
1023
1024
1025
1026
1027
1028
1029
1030
1031
1032
1033
1034
1035
1036
1037
1038
1039
1040
1041
1042
1043
1044
1045
1046
1047
1048
1049
1050
1051
1052
1053
1054
1055
1056
1057
1058
1059
1060
1061
1062
1063
1064
1065
1066
1067
1068
1069
1070
1071
1072
1073
1074
1075
1076
1077
1078
1079
1080
1081
1082
1083
1084
1085
1086
1087
1088
1089
1090
1091
1092
1093
1094
1095
1096
1097
1098
1099
1100
1101
1102
1103
1104
1105
1106
1107
1108
1109
1110
1111
1112
1113
1114
1115
1116
1117
1118
1119
1120
1121
1122
1123
1124
1125
1126
1127
1128
1129
1130
1131
1132
1133
1134
1135
1136
1137
1138
1139
1140
1141
1142
1143
1144
1145
1146
1147
1148
1149
1150
1151
1152
1153
1154
1155
1156
1157
1158
1159
1160
1161
1162
1163
1164
1165
1166
1167
1168
1169
1170
1171
1172
1173
1174
1175
1176
1177
1178
1179
1180
1181
1182
1183
1184
1185
1186
1187
1188
1189
1190
1191
1192
1193
1194
1195
1196
1197
1198
1199
1200
1201
1202
1203
1204
1205
1206
1207
1208
1209
1210
1211
1212
1213
1214
1215
1216
1217
1218
1219
1220
1221
1222
1223
1224
1225
1226
1227
1228
1229
1230
1231
1232
1233
1234
1235
1236
1237
1238
1239
1240
1241
1242
1243
1244
1245
1246
1247
1248
1249
1250
1251
1252
1253
1254
1255
1256
1257
1258
1259
1260
1261
1262
1263
1264
1265
1266
1267
1268
1269
1270
1271
1272
1273
1274
1275
1276
1277
1278
1279
1280
1281
1282
1283
1284
1285
1286
1287
1288
1289
1290
1291
1292
1293
1294
1295
1296
1297
1298
1299
1300
1301
1302
1303
1304
1305
1306
1307
1308
1309
1310
1311
1312
1313
1314
1315
1316
1317
1318
1319
1320
1321
1322
1323
1324
1325
1326
1327
1328
1329
1330
1331
1332
1333
1334
1335
1336
1337
1338
1339
1340
1341
1342
1343
1344
1345
1346
1347
1348
1349
1350
1351
1352
1353
1354
1355
1356
1357
1358
1359
1360
1361
1362
1363
1364
1365
1366
1367
1368
1369
1370
1371
1372
1373
1374
1375
1376
1377
1378
1379
1380
1381
1382
1383
1384
1385
1386
1387
1388
1389
1390
1391
1392
1393
1394
1395
1396
1397
1398
1399
1400
1401
1402
1403
1404
1405
1406
1407
1408
1409
1410
1411
1412
1413
1414
1415
1416
1417
1418
1419
1420
1421
1422
1423
1424
1425
1426
1427
1428
1429
1430
1431
1432
1433
1434
1435
1436
1437
1438
1439
1440
1441
1442
1443
1444
1445
1446
1447
1448
1449
1450
1451
1452
1453
1454
1455
1456
1457
1458
1459
1460
1461
1462
1463
1464
1465
1466
1467
1468
1469
1470
1471
1472
1473
1474
1475
1476
1477
1478
1479
1480
1481
1482
1483
1484
1485
1486
1487
1488
1489
1490
1491
1492
1493
1494
1495
1496
1497
1498
1499
1500
1501
1502
1503
1504
1505
1506
1507
1508
1509
1510
1511
1512
1513
1514
1515
1516
1517
1518
1519
1520
1521
1522
1523
1524
1525
1526
1527
1528
1529
1530
1531
1532
1533
1534
1535
1536
1537
1538
1539
1540
1541
1542
1543
1544
1545
1546
1547
1548
1549
1550
1551
1552
1553
1554
1555
1556
1557
1558
1559
1560
1561
1562
1563
1564
1565
1566
1567
1568
1569
1570
1571
1572
1573
1574
1575
1576
1577
1578
1579
1580
1581
1582
1583
1584
1585
1586
1587
1588
1589
1590
1591
1592
1593
1594
1595
1596
1597
1598
1599
1600
1601
1602
1603
1604
1605
1606
1607
1608
1609
1610
1611
1612
1613
1614
1615
1616
1617
1618
1619
1620
1621
1622
1623
1624
1625
1626
1627
1628
1629
1630
1631
1632
1633
1634
1635
1636
1637
1638
1639
1640
1641
1642
1643
1644
1645
1646
1647
1648
1649
1650
1651
1652
1653
1654
1655
1656
1657
1658
1659
1660
1661
1662
1663
1664
1665
1666
1667
1668
1669
1670
1671
1672
1673
1674
1675
1676
1677
1678
1679
1680
1681
1682
1683
1684
1685
1686
1687
1688
1689
1690
1691
1692
1693
1694
1695
1696
1697
1698
1699
1700
1701
1702
1703
1704
1705
1706
1707
1708
1709
1710
1711
1712
1713
1714
1715
1716
1717
1718
1719
1720
1721
1722
1723
1724
1725
1726
1727
1728
1729
1730
1731
1732
1733
1734
1735
1736
1737
1738
1739
1740
1741
1742
1743
1744
1745
1746
1747
1748
1749
1750
1751
1752
1753
1754
1755
1756
1757
1758
1759
1760
1761
1762
1763
1764
1765
1766
1767
1768
1769
1770
1771
1772
1773
1774
1775
1776
1777
1778
1779
1780
1781
1782
1783
1784
1785
1786
1787
1788
1789
1790
1791
1792
1793
1794
1795
1796
1797
1798
1799
1800
1801
1802
1803
1804
1805
1806
1807
1808
1809
1810
1811
1812
1813
1814
1815
1816
1817
1818
1819
1820
1821
1822
1823
1824
1825
1826
1827
1828
1829
1830
1831
1832
1833
1834
1835
1836
1837
1838
1839
1840
1841
1842
1843
1844
1845
1846
1847
1848
1849
1850
1851
1852
1853
1854
1855
1856
1857
1858
1859
1860
1861
1862
1863
1864
1865
1866
1867
1868
1869
1870
1871
1872
1873
1874
1875
1876
1877
1878
1879
1880
1881
1882
1883
1884
1885
1886
1887
1888
1889
1890
1891
1892
1893
1894
1895
1896
1897
1898
1899
1900
1901
1902
1903
1904
1905
1906
1907
1908
1909
1910
1911
1912
1913
1914
1915
1916
1917
1918
1919
1920
1921
1922
1923
1924
1925
1926
1927
1928
1929
1930
1931
1932
1933
1934
1935
1936
1937
1938
1939
1940
1941
1942
1943
1944
1945
1946
1947
1948
1949
1950
1951
1952
1953
1954
1955
1956
1957
1958
1959
1960
1961
1962
1963
1964
1965
1966
1967
1968
1969
1970
1971
1972
1973
1974
1975
1976
1977
1978
1979
1980
1981
1982
1983
1984
1985
1986
1987
1988
1989
1990
1991
1992
1993
1994
1995
1996
1997
1998
1999
2000
2001
2002
2003
2004
2005
2006
2007
2008
2009
2010
2011
2012
2013
2014
2015
2016
2017
2018
2019
2020
2021
2022
2023
2024
2025
2026
2027
2028
2029
2030
2031
2032
2033
2034
2035
2036
2037
2038
2039
2040
2041
2042
2043
2044
2045
2046
2047
2048
2049
2050
2051
2052
2053
2054
2055
2056
2057
2058
2059
2060
2061
2062
2063
2064
2065
2066
2067
2068
2069
2070
2071
2072
2073
2074
2075
2076
2077
2078
2079
2080
2081
2082
2083
2084
2085
2086
2087
2088
2089
2090
2091
2092
2093
2094
2095
2096
2097
2098
2099
2100
2101
2102
2103
2104
2105
2106
2107
2108
2109
2110
2111
2112
2113
2114
2115
2116
2117
2118
2119
2120
2121
2122
2123
2124
2125
2126
2127
2128
2129
2130
2131
2132
2133
2134
2135
2136
2137
2138
2139
2140
2141
2142
2143
2144
2145
2146
2147
2148
2149
2150
2151
2152
2153
2154
2155
2156
2157
2158
2159
2160
2161
2162
2163
2164
2165
2166
2167
2168
2169
2170
2171
2172
2173
2174
2175
2176
2177
2178
2179
2180
2181
2182
2183
2184
2185
2186
2187
2188
2189
2190
2191
2192
2193
2194
2195
2196
2197
2198
2199
2200
2201
2202
2203
2204
2205
2206
2207
2208
2209
2210
2211
2212
2213
2214
2215
2216
2217
2218
2219
2220
2221
2222
2223
2224
2225
2226
2227
2228
2229
2230
2231
2232
2233
2234
2235
2236
2237
2238
2239
2240
2241
2242
2243
2244
2245
2246
2247
2248
2249
2250
2251
2252
2253
2254
2255
2256
2257
2258
2259
2260
2261
2262
2263
2264
2265
2266
2267
2268
2269
2270
2271
2272
2273
2274
2275
2276
2277
2278
2279
2280
2281
2282
2283
2284
2285
2286
2287
2288
2289
2290
2291
2292
2293
2294
2295
2296
2297
2298
2299
2300
2301
2302
2303
2304
2305
2306
2307
2308
2309
2310
2311
2312
2313
2314
2315
2316
2317
2318
2319
2320
2321
2322
2323
2324
2325
2326
2327
2328
2329
2330
2331
2332
2333
2334
2335
2336
2337
2338
2339
2340
2341
2342
2343
2344
2345
2346
2347
2348
2349
2350
2351
2352
2353
2354
2355
2356
2357
2358
2359
2360
2361
2362
2363
2364
2365
2366
2367
2368
2369
2370
2371
2372
2373
2374
2375
2376
2377
2378
2379
2380
2381
2382
2383
2384
2385
2386
2387
2388
2389
2390
2391
2392
2393
2394
2395
2396
2397
2398
2399
2400
2401
2402
2403
2404
2405
2406
2407
2408
2409
2410
2411
2412
2413
2414
2415
2416
2417
2418
2419
2420
2421
2422
2423
2424
2425
2426
2427
2428
2429
2430
2431
2432
2433
2434
2435
2436
2437
2438
2439
2440
2441
2442
2443
2444
2445
2446
2447
2448
2449
2450
2451
2452
2453
2454
2455
2456
2457
2458
2459
2460
2461
2462
2463
2464
2465
2466
2467
2468
2469
2470
2471
2472
2473
2474
2475
2476
2477
2478
2479
2480
2481
2482
2483
2484
2485
2486
2487
2488
2489
2490
2491
2492
2493
2494
2495
2496
2497
2498
2499
2500
2501
2502
2503
2504
2505
2506
2507
2508
2509
2510
2511
2512
2513
2514
2515
2516
2517
2518
2519
2520
2521
2522
2523
2524
2525
2526
2527
2528
2529
2530
2531
2532
2533
2534
2535
2536
2537
2538
2539
2540
2541
2542
2543
2544
2545
2546
2547
2548
2549
2550
2551
2552
2553
2554
2555
2556
2557
2558
2559
2560
2561
2562
2563
2564
2565
2566
2567
2568
2569
2570
2571
2572
2573
2574
2575
2576
2577
2578
2579
2580
2581
2582
2583
2584
2585
2586
2587
2588
2589
2590
2591
2592
2593
2594
2595
2596
2597
2598
2599
2600
2601
2602
2603
2604
2605
2606
2607
2608
2609
2610
2611
2612
2613
2614
2615
2616
2617
2618
2619
2620
2621
2622
2623
2624
2625
2626
2627
2628
2629
2630
2631
2632
2633
2634
2635
2636
2637
2638
2639
2640
2641
2642
2643
2644
2645
2646
2647
2648
2649
2650
2651
2652
2653
2654
2655
2656
2657
2658
2659
2660
2661
2662
2663
2664
2665
2666
2667
2668
2669
2670
2671
2672
2673
2674
2675
2676
2677
2678
2679
2680
2681
2682
2683
2684
2685
2686
2687
2688
2689
2690
2691
2692
2693
2694
2695
2696
2697
2698
2699
2700
2701
2702
2703
2704
2705
2706
2707
2708
2709
2710
2711
2712
2713
2714
2715
2716
2717
2718
2719
2720
2721
2722
2723
2724
2725
2726
2727
2728
2729
2730
2731
2732
2733
2734
2735
2736
2737
2738
2739
2740
2741
2742
2743
2744
2745
2746
2747
2748
2749
2750
2751
2752
2753
2754
2755
2756
2757
2758
2759
2760
2761
2762
2763
2764
2765
2766
2767
2768
2769
2770
2771
2772
2773
2774
2775
2776
2777
2778
2779
2780
2781
2782
2783
2784
2785
2786
2787
2788
2789
2790
2791
2792
2793
2794
2795
2796
2797
2798
2799
2800
2801
2802
2803
2804
2805
2806
2807
2808
2809
2810
2811
2812
2813
2814
2815
2816
2817
2818
2819
2820
2821
2822
2823
2824
2825
2826
2827
2828
2829
2830
2831
2832
2833
2834
2835
2836
2837
2838
2839
2840
2841
2842
2843
2844
2845
2846
2847
2848
2849
2850
2851
2852
2853
2854
2855
2856
2857
2858
2859
2860
2861
2862
2863
2864
2865
2866
2867
2868
2869
2870
2871
2872
2873
2874
2875
2876
2877
2878
2879
2880
2881
2882
2883
2884
2885
2886
2887
2888
2889
2890
2891
2892
2893
2894
2895
2896
2897
2898
2899
2900
2901
2902
2903
2904
2905
2906
2907
2908
2909
2910
2911
2912
2913
2914
2915
2916
2917
2918
2919
2920
2921
2922
2923
2924
2925
2926
2927
2928
2929
2930
2931
2932
2933
2934
2935
2936
2937
2938
2939
2940
2941
2942
2943
2944
2945
2946
2947
2948
2949
2950
2951
2952
2953
2954
2955
2956
2957
2958
2959
2960
2961
2962
2963
2964
2965
2966
2967
2968
2969
2970
2971
2972
2973
2974
2975
2976
2977
2978
2979
2980
2981
2982
2983
2984
2985
2986
2987
2988
2989
2990
2991
2992
2993
2994
2995
2996
2997
2998
2999
3000
3001
3002
3003
3004
3005
3006
3007
3008
3009
3010
3011
3012
3013
3014
3015
3016
3017
3018
3019
3020
3021
3022
3023
3024
3025
3026
3027
3028
3029
3030
3031
3032
3033
3034
3035
3036
3037
3038
3039
3040
3041
3042
3043
3044
3045
3046
3047
3048
3049
3050
3051
3052
3053
3054
3055
3056
3057
3058
3059
3060
3061
3062
3063
3064
3065
3066
3067
3068
3069
3070
3071
3072
3073
3074
3075
3076
3077
3078
3079
3080
3081
3082
3083
3084
3085
3086
3087
3088
3089
3090
3091
3092
3093
3094
3095
3096
3097
3098
3099
3100
3101
3102
3103
3104
3105
3106
3107
3108
3109
3110
3111
3112
3113
3114
3115
3116
3117
3118
3119
3120
3121
3122
3123
3124
3125
3126
3127
3128
3129
3130
3131
3132
3133
3134
3135
3136
3137
3138
3139
3140
3141
3142
3143
3144
3145
3146
3147
3148
3149
3150
3151
3152
3153
3154
3155
3156
3157
3158
3159
3160
3161
3162
3163
3164
3165
3166
3167
3168
3169
3170
3171
3172
3173
3174
3175
3176
3177
3178
3179
3180
3181
3182
3183
3184
3185
3186
3187
3188
3189
3190
3191
3192
3193
3194
3195
3196
3197
3198
3199
3200
3201
3202
3203
3204
3205
3206
3207
3208
3209
3210
3211
3212
3213
3214
3215
3216
3217
3218
3219
3220
3221
3222
3223
3224
3225
3226
3227
3228
3229
3230
3231
3232
3233
3234
3235
3236
3237
3238
3239
3240
3241
3242
3243
3244
3245
3246
3247
3248
3249
3250
3251
3252
3253
3254
3255
3256
3257
3258
3259
3260
3261
3262
3263
3264
3265
3266
3267
3268
3269
3270
3271
3272
3273
3274
3275
3276
3277
3278
3279
3280
3281
3282
3283
3284
3285
3286
3287
3288
3289
3290
3291
3292
3293
3294
3295
3296
3297
3298
3299
3300
3301
3302
3303
3304
3305
3306
3307
3308
3309
3310
3311
3312
3313
3314
3315
3316
3317
3318
3319
3320
3321
3322
3323
3324
3325
3326
3327
3328
3329
3330
3331
3332
3333
3334
3335
3336
3337
3338
3339
3340
3341
3342
3343
3344
3345
3346
3347
3348
3349
3350
3351
3352
3353
3354
3355
3356
3357
3358
3359
3360
3361
3362
3363
3364
3365
3366
3367
3368
3369
3370
3371
3372
3373
3374
3375
3376
3377
3378
3379
3380
3381
3382
3383
3384
3385
3386
3387
3388
3389
3390
3391
3392
3393
3394
3395
3396
3397
3398
3399
3400
3401
3402
3403
3404
3405
3406
3407
3408
3409
3410
3411
3412
3413
3414
3415
3416
3417
3418
3419
3420
3421
3422
3423
3424
3425
3426
3427
3428
3429
3430
3431
3432
3433
3434
3435
3436
3437
3438
3439
3440
3441
3442
3443
3444
3445
3446
3447
3448
3449
3450
3451
3452
3453
3454
3455
3456
3457
3458
3459
3460
3461
3462
3463
3464
3465
3466
3467
3468
3469
3470
3471
3472
3473
3474
3475
3476
3477
3478
3479
3480
3481
3482
3483
3484
3485
3486
3487
3488
3489
3490
3491
3492
3493
3494
3495
3496
3497
3498
3499
3500
3501
3502
3503
3504
3505
3506
3507
3508
3509
3510
3511
3512
3513
3514
3515
3516
3517
3518
3519
3520
3521
3522
3523
3524
3525
3526
3527
3528
3529
3530
3531
3532
3533
3534
3535
3536
3537
3538
3539
3540
3541
3542
3543
3544
3545
3546
3547
3548
3549
3550
3551
3552
3553
3554
3555
3556
3557
3558
3559
3560
3561
3562
3563
3564
3565
3566
3567
3568
3569
3570
3571
3572
3573
3574
3575
3576
3577
3578
3579
3580
3581
3582
3583
3584
3585
3586
3587
3588
3589
3590
3591
3592
3593
3594
3595
3596
3597
3598
3599
3600
3601
3602
3603
3604
3605
3606
3607
3608
3609
3610
3611
3612
3613
3614
3615
3616
3617
3618
3619
3620
3621
3622
3623
3624
3625
3626
3627
3628
3629
3630
3631
3632
3633
3634
3635
3636
3637
3638
3639
3640
3641
3642
3643
3644
3645
3646
3647
3648
3649
3650
3651
3652
3653
3654
3655
3656
3657
3658
3659
3660
3661
3662
3663
3664
3665
3666
3667
3668
3669
3670
3671
3672
3673
3674
3675
3676
3677
3678
3679
3680
3681
3682
3683
3684
3685
3686
3687
3688
3689
3690
3691
3692
3693
3694
3695
3696
3697
3698
3699
3700
3701
3702
3703
3704
3705
3706
3707
3708
3709
3710
3711
3712
3713
3714
3715
3716
3717
3718
3719
3720
3721
3722
3723
3724
3725
3726
3727
3728
3729
3730
3731
3732
3733
3734
3735
3736
3737
3738
3739
3740
3741
3742
3743
3744
3745
3746
3747
3748
3749
3750
3751
3752
3753
3754
3755
3756
3757
3758
3759
3760
3761
3762
3763
3764
3765
3766
3767
3768
3769
3770
3771
3772
3773
3774
3775
3776
3777
3778
3779
3780
3781
3782
3783
3784
3785
3786
3787
3788
3789
3790
3791
3792
3793
3794
3795
3796
3797
3798
3799
3800
3801
3802
3803
3804
3805
3806
3807
3808
3809
3810
3811
3812
3813
3814
3815
3816
3817
3818
3819
3820
3821
3822
3823
3824
3825
3826
3827
3828
3829
3830
3831
3832
3833
3834
3835
3836
3837
3838
3839
3840
3841
3842
3843
3844
3845
3846
3847
3848
3849
3850
3851
3852
3853
3854
3855
3856
3857
3858
3859
3860
3861
3862
3863
3864
3865
3866
3867
3868
3869
3870
3871
3872
3873
3874
3875
3876
3877
3878
3879
3880
3881
3882
3883
3884
3885
3886
3887
3888
3889
3890
3891
3892
3893
3894
3895
3896
3897
3898
3899
3900
3901
3902
3903
3904
3905
3906
3907
3908
3909
3910
3911
3912
3913
3914
3915
3916
3917
3918
3919
3920
3921
3922
3923
3924
3925
3926
3927
3928
3929
3930
3931
3932
3933
3934
3935
3936
3937
3938
3939
3940
3941
3942
3943
3944
3945
3946
3947
3948
3949
3950
3951
3952
3953
3954
3955
3956
3957
3958
3959
3960
3961
3962
3963
3964
3965
3966
3967
3968
3969
3970
3971
3972
3973
3974
3975
3976
3977
3978
3979
3980
3981
3982
3983
3984
3985
3986
3987
3988
3989
3990
3991
3992
3993
3994
3995
3996
3997
3998
3999
4000
4001
4002
4003
4004
4005
4006
4007
4008
4009
4010
4011
4012
4013
4014
4015
4016
4017
4018
4019
4020
4021
4022
4023
4024
4025
4026
4027
4028
4029
4030
4031
4032
4033
4034
4035
4036
4037
4038
4039
4040
4041
4042
4043
4044
4045
4046
4047
4048
4049
4050
4051
4052
4053
4054
4055
4056
4057
4058
4059
4060
4061
4062
4063
4064
4065
4066
4067
4068
4069
4070
4071
4072
4073
4074
4075
4076
4077
4078
4079
4080
4081
4082
4083
4084
4085
4086
4087
4088
4089
4090
4091
4092
4093
4094
4095
4096
4097
4098
4099
4100
4101
4102
4103
4104
4105
4106
4107
4108
4109
4110
4111
4112
4113
4114
4115
4116
4117
4118
4119
4120
4121
4122
4123
4124
4125
4126
4127
4128
4129
4130
4131
4132
4133
4134
4135
4136
4137
4138
4139
4140
4141
4142
4143
4144
4145
4146
4147
4148
4149
4150
4151
4152
4153
4154
4155
4156
4157
4158
4159
4160
4161
4162
4163
4164
4165
4166
4167
4168
4169
4170
4171
4172
4173
4174
4175
4176
4177
4178
4179
4180
4181
4182
4183
4184
4185
4186
4187
4188
4189
4190
4191
4192
4193
4194
4195
4196
4197
4198
4199
4200
4201
4202
4203
4204
4205
4206
4207
4208
4209
4210
4211
4212
4213
4214
4215
4216
4217
4218
4219
4220
4221
4222
4223
4224
4225
4226
4227
4228
4229
4230
4231
4232
4233
4234
4235
4236
4237
4238
4239
4240
4241
4242
4243
4244
4245
4246
4247
4248
4249
4250
4251
4252
4253
4254
4255
4256
4257
4258
4259
4260
4261
4262
4263
4264
4265
4266
4267
4268
4269
4270
4271
4272
4273
4274
4275
4276
4277
4278
4279
4280
4281
4282
4283
4284
4285
4286
4287
4288
4289
4290
4291
4292
4293
4294
4295
4296
4297
4298
4299
4300
4301
4302
4303
4304
4305
4306
4307
4308
4309
4310
4311
4312
4313
4314
4315
4316
4317
4318
4319
4320
4321
4322
4323
4324
4325
4326
4327
4328
4329
4330
4331
4332
4333
4334
4335
4336
4337
4338
4339
4340
4341
4342
4343
4344
4345
4346
4347
4348
4349
4350
4351
4352
4353
4354
4355
4356
4357
4358
4359
4360
4361
4362
4363
4364
4365
4366
4367
4368
4369
4370
4371
4372
4373
4374
4375
4376
4377
4378
4379
4380
4381
4382
4383
4384
4385
4386
4387
4388
4389
4390
4391
4392
4393
4394
4395
4396
4397
4398
4399
4400
4401
4402
4403
4404
4405
4406
4407
4408
4409
4410
4411
4412
4413
4414
4415
4416
4417
4418
4419
4420
4421
4422
4423
4424
4425
4426
4427
4428
4429
4430
4431
4432
4433
4434
4435
4436
4437
4438
4439
4440
4441
4442
4443
4444
4445
4446
4447
4448
4449
4450
4451
4452
4453
4454
4455
4456
4457
4458
4459
4460
4461
4462
4463
4464
4465
4466
4467
4468
4469
4470
4471
4472
4473
4474
4475
4476
4477
4478
4479
4480
4481
4482
4483
4484
4485
4486
4487
4488
4489
4490
4491
4492
4493
4494
4495
4496
4497
4498
4499
4500
4501
4502
4503
4504
4505
4506
4507
4508
4509
4510
4511
4512
4513
4514
4515
4516
4517
4518
4519
4520
4521
4522
4523
4524
4525
4526
4527
4528
4529
4530
4531
4532
4533
4534
4535
4536
4537
4538
4539
4540
4541
4542
4543
4544
4545
4546
4547
4548
4549
4550
4551
4552
4553
4554
4555
4556
4557
4558
4559
4560
4561
4562
4563
4564
4565
4566
4567
4568
4569
4570
4571
4572
4573
4574
4575
4576
4577
4578
4579
4580
4581
4582
4583
4584
4585
4586
4587
4588
4589
4590
4591
4592
4593
4594
4595
4596
4597
4598
4599
4600
4601
4602
4603
4604
4605
4606
4607
4608
4609
4610
4611
4612
4613
4614
4615
4616
4617
4618
4619
4620
4621
4622
4623
4624
4625
4626
4627
4628
4629
4630
4631
4632
4633
4634
4635
4636
4637
4638
4639
4640
4641
4642
4643
4644
4645
4646
4647
4648
4649
4650
4651
4652
4653
4654
4655
4656
4657
4658
4659
4660
4661
4662
4663
4664
4665
4666
4667
4668
4669
4670
4671
4672
4673
4674
4675
4676
4677
4678
4679
4680
4681
4682
4683
4684
4685
4686
4687
4688
4689
4690
4691
4692
4693
4694
4695
4696
4697
4698
4699
4700
4701
4702
4703
4704
4705
4706
4707
4708
4709
4710
4711
4712
4713
4714
4715
4716
4717
4718
4719
4720
4721
4722
4723
4724
4725
4726
4727
4728
4729
4730
4731
4732
4733
4734
4735
4736
4737
4738
4739
4740
4741
4742
4743
4744
4745
4746
4747
4748
4749
4750
4751
4752
4753
4754
4755
4756
4757
4758
4759
4760
4761
4762
4763
4764
4765
4766
4767
4768
4769
4770
4771
4772
4773
4774
4775
4776
4777
4778
4779
4780
4781
4782
4783
4784
4785
4786
4787
4788
4789
4790
4791
4792
4793
4794
4795
4796
4797
4798
4799
4800
4801
4802
4803
4804
4805
4806
4807
4808
4809
4810
4811
4812
4813
4814
4815
4816
4817
4818
4819
4820
4821
4822
4823
4824
4825
4826
4827
4828
4829
4830
4831
4832
4833
4834
4835
4836
4837
4838
4839
4840
4841
4842
4843
4844
4845
4846
4847
4848
4849
4850
4851
4852
4853
4854
4855
4856
4857
4858
4859
4860
4861
4862
4863
4864
4865
4866
4867
4868
4869
4870
4871
4872
4873
4874
4875
4876
4877
4878
4879
4880
4881
4882
4883
4884
4885
4886
4887
4888
4889
4890
4891
4892
4893
4894
4895
4896
4897
4898
4899
4900
4901
4902
4903
4904
4905
4906
4907
4908
4909
4910
4911
4912
4913
4914
4915
4916
4917
4918
4919
4920
4921
4922
4923
4924
4925
4926
4927
4928
4929
4930
4931
4932
4933
4934
4935
4936
4937
4938
4939
4940
4941
4942
4943
4944
4945
4946
4947
4948
4949
4950
4951
4952
4953
4954
4955
4956
4957
4958
4959
4960
4961
4962
4963
4964
4965
4966
4967
4968
4969
4970
4971
4972
4973
4974
4975
4976
4977
4978
4979
4980
4981
4982
4983
4984
4985
4986
4987
4988
4989
4990
4991
4992
4993
4994
4995
4996
4997
4998
4999
5000
5001
5002
5003
5004
5005
5006
5007
5008
5009
5010
5011
5012
5013
5014
5015
5016
5017
5018
5019
5020
5021
5022
5023
5024
5025
5026
5027
5028
5029
5030
5031
5032
5033
5034
5035
5036
5037
5038
5039
5040
5041
5042
5043
5044
5045
5046
5047
5048
5049
5050
5051
5052
5053
5054
5055
5056
5057
5058
5059
5060
5061
5062
5063
5064
5065
5066
5067
5068
5069
5070
5071
5072
5073
5074
5075
5076
5077
5078
5079
5080
5081
5082
5083
5084
5085
5086
5087
5088
5089
5090
5091
5092
5093
5094
5095
5096
5097
5098
5099
5100
5101
5102
5103
5104
5105
5106
5107
5108
5109
5110
5111
5112
5113
5114
5115
5116
5117
5118
5119
5120
5121
5122
5123
5124
5125
5126
5127
5128
5129
5130
5131
5132
5133
5134
5135
5136
5137
5138
5139
5140
5141
5142
5143
5144
5145
5146
5147
5148
5149
5150
5151
5152
5153
5154
5155
5156
5157
5158
5159
5160
5161
5162
5163
5164
5165
5166
5167
5168
5169
5170
5171
5172
5173
5174
5175
5176
5177
5178
5179
5180
5181
5182
5183
5184
5185
5186
5187
5188
5189
5190
5191
5192
5193
5194
5195
5196
5197
5198
5199
5200
5201
5202
5203
5204
5205
5206
5207
5208
5209
5210
5211
5212
5213
5214
5215
5216
5217
5218
5219
5220
5221
5222
5223
5224
5225
5226
5227
5228
5229
5230
5231
5232
5233
5234
5235
5236
5237
5238
5239
5240
5241
5242
5243
5244
5245
5246
5247
5248
5249
5250
5251
5252
5253
5254
5255
5256
5257
5258
5259
5260
5261
5262
5263
5264
5265
5266
5267
5268
5269
5270
5271
5272
5273
5274
5275
5276
5277
5278
5279
5280
5281
5282
5283
5284
5285
5286
5287
5288
5289
5290
5291
5292
5293
5294
5295
5296
5297
5298
5299
5300
5301
5302
5303
5304
5305
5306
5307
5308
5309
5310
5311
5312
5313
5314
5315
5316
5317
5318
5319
5320
5321
5322
5323
5324
5325
5326
5327
5328
5329
5330
5331
5332
5333
5334
5335
5336
5337
5338
5339
5340
5341
5342
5343
5344
5345
5346
5347
5348
5349
5350
5351
5352
5353
5354
5355
5356
5357
5358
5359
5360
5361
5362
5363
5364
5365
5366
5367
5368
5369
5370
5371
5372
5373
5374
5375
5376
5377
5378
5379
5380
5381
5382
5383
5384
5385
5386
5387
5388
5389
5390
5391
5392
5393
5394
5395
5396
5397
5398
5399
5400
5401
5402
5403
5404
5405
5406
5407
5408
5409
5410
5411
5412
5413
5414
5415
5416
5417
5418
5419
5420
5421
5422
5423
5424
5425
5426
5427
5428
5429
5430
5431
5432
5433
5434
5435
5436
5437
5438
5439
5440
5441
5442
5443
5444
5445
5446
5447
5448
5449
5450
5451
5452
5453
5454
5455
5456
5457
5458
5459
5460
5461
5462
5463
5464
5465
5466
5467
5468
5469
5470
5471
5472
5473
5474
5475
5476
5477
5478
5479
5480
5481
5482
5483
5484
5485
5486
5487
5488
5489
5490
5491
5492
5493
5494
5495
5496
5497
5498
5499
5500
5501
5502
5503
5504
5505
5506
5507
5508
5509
5510
5511
5512
5513
5514
5515
5516
5517
5518
5519
5520
5521
5522
5523
5524
5525
5526
5527
5528
5529
5530
5531
5532
5533
5534
5535
5536
5537
5538
5539
5540
5541
5542
5543
5544
5545
5546
5547
5548
5549
5550
5551
5552
5553
5554
5555
5556
5557
5558
5559
5560
5561
5562
5563
5564
5565
5566
5567
5568
5569
5570
5571
5572
5573
5574
5575
5576
5577
5578
5579
5580
5581
5582
5583
5584
5585
5586
5587
5588
5589
5590
5591
5592
5593
5594
5595
5596
5597
5598
5599
5600
5601
5602
5603
5604
5605
5606
5607
5608
5609
5610
5611
5612
5613
5614
5615
5616
5617
5618
5619
5620
5621
5622
5623
5624
5625
5626
5627
5628
5629
5630
5631
5632
5633
5634
5635
5636
5637
5638
5639
5640
5641
5642
5643
5644
5645
5646
5647
5648
5649
5650
5651
5652
5653
5654
5655
5656
5657
5658
5659
5660
5661
5662
5663
5664
5665
5666
5667
5668
5669
5670
5671
5672
5673
5674
5675
5676
5677
5678
5679
5680
5681
5682
5683
5684
5685
5686
5687
5688
5689
5690
5691
5692
5693
5694
5695
5696
5697
5698
5699
5700
5701
5702
5703
5704
5705
5706
5707
5708
5709
5710
5711
5712
5713
5714
5715
5716
5717
5718
5719
5720
5721
5722
5723
5724
5725
5726
5727
5728
5729
5730
5731
5732
5733
5734
5735
5736
5737
5738
5739
5740
5741
5742
5743
5744
5745
5746
5747
5748
5749
5750
5751
5752
5753
5754
5755
5756
5757
5758
5759
5760
5761
5762
5763
5764
5765
5766
5767
5768
5769
5770
5771
5772
5773
5774
5775
5776
5777
5778
5779
5780
5781
5782
5783
5784
5785
5786
5787
5788
5789
5790
5791
5792
5793
5794
5795
5796
5797
5798
5799
5800
5801
5802
5803
5804
5805
5806
5807
5808
5809
5810
5811
5812
5813
5814
5815
5816
5817
5818
5819
5820
5821
5822
5823
5824
5825
5826
5827
5828
5829
5830
5831
5832
5833
5834
5835
5836
5837
5838
5839
5840
5841
5842
5843
5844
5845
5846
5847
5848
5849
5850
5851
5852
5853
5854
5855
5856
5857
5858
5859
5860
5861
5862
5863
5864
5865
5866
5867
5868
5869
5870
5871
5872
5873
5874
5875
5876
5877
5878
5879
5880
5881
5882
5883
5884
5885
5886
5887
5888
5889
5890
5891
5892
5893
5894
5895
5896
5897
5898
5899
5900
5901
5902
5903
5904
5905
5906
5907
5908
5909
5910
5911
5912
5913
5914
5915
5916
5917
5918
5919
5920
5921
5922
5923
5924
5925
5926
5927
5928
5929
5930
5931
5932
5933
5934
5935
5936
5937
5938
5939
5940
5941
5942
5943
5944
5945
5946
5947
5948
5949
5950
5951
5952
5953
5954
5955
5956
5957
5958
5959
5960
5961
5962
5963
5964
5965
5966
5967
5968
5969
5970
5971
5972
5973
5974
5975
5976
5977
5978
5979
5980
5981
5982
5983
5984
5985
5986
5987
5988
5989
5990
5991
5992
5993
5994
5995
5996
5997
5998
5999
6000
6001
6002
6003
6004
6005
6006
6007
6008
6009
6010
6011
6012
6013
6014
6015
6016
6017
6018
6019
6020
6021
6022
6023
6024
6025
6026
6027
6028
6029
6030
6031
6032
6033
6034
6035
6036
6037
6038
6039
6040
6041
6042
6043
6044
6045
6046
6047
6048
6049
6050
6051
6052
6053
6054
6055
6056
6057
6058
6059
6060
6061
6062
6063
6064
6065
6066
6067
6068
6069
6070
6071
6072
6073
6074
6075
6076
6077
6078
6079
6080
6081
6082
6083
6084
6085
6086
6087
6088
6089
6090
6091
6092
6093
6094
6095
6096
6097
6098
6099
6100
6101
6102
6103
6104
6105
6106
6107
6108
6109
6110
6111
6112
6113
6114
6115
6116
6117
6118
6119
6120
6121
6122
6123
6124
6125
6126
6127
6128
6129
6130
6131
6132
6133
6134
6135
6136
6137
6138
6139
6140
6141
6142
6143
6144
6145
6146
6147
6148
6149
6150
6151
6152
6153
6154
6155
6156
6157
6158
6159
6160
6161
6162
6163
6164
6165
6166
6167
6168
6169
6170
6171
6172
6173
6174
6175
6176
6177
6178
6179
6180
6181
6182
6183
6184
6185
6186
6187
6188
6189
6190
6191
6192
6193
6194
6195
6196
6197
6198
6199
6200
6201
6202
6203
6204
6205
6206
6207
6208
6209
6210
6211
6212
6213
6214
6215
6216
6217
6218
6219
6220
6221
6222
6223
6224
6225
6226
6227
6228
6229
6230
6231
6232
6233
6234
6235
6236
6237
6238
6239
6240
6241
6242
6243
6244
6245
6246
6247
6248
6249
6250
6251
6252
6253
6254
6255
6256
6257
6258
6259
6260
6261
6262
6263
6264
6265
6266
6267
6268
6269
6270
6271
6272
6273
6274
6275
6276
6277
6278
6279
6280
6281
6282
6283
6284
6285
6286
6287
6288
6289
6290
6291
6292
6293
6294
6295
6296
6297
6298
6299
6300
6301
6302
6303
6304
6305
6306
6307
6308
6309
6310
6311
6312
6313
6314
6315
6316
6317
6318
6319
6320
6321
6322
6323
6324
6325
6326
6327
6328
6329
6330
6331
6332
6333
6334
6335
6336
6337
6338
6339
6340
6341
6342
6343
6344
6345
6346
6347
6348
6349
6350
6351
6352
6353
6354
6355
6356
6357
6358
6359
6360
6361
6362
6363
6364
6365
6366
6367
6368
6369
6370
6371
6372
6373
6374
6375
6376
6377
6378
6379
6380
6381
6382
6383
6384
6385
6386
6387
6388
6389
6390
6391
6392
6393
6394
6395
6396
6397
6398
6399
6400
6401
6402
6403
6404
6405
6406
6407
6408
6409
6410
6411
6412
6413
6414
6415
6416
6417
6418
6419
6420
6421
6422
6423
6424
6425
6426
6427
6428
6429
6430
6431
6432
6433
6434
6435
6436
6437
6438
6439
6440
6441
6442
6443
6444
6445
6446
6447
6448
6449
6450
6451
6452
6453
6454
6455
6456
6457
6458
6459
6460
6461
6462
6463
6464
6465
6466
6467
6468
6469
6470
6471
6472
6473
6474
6475
6476
6477
6478
6479
6480
6481
6482
6483
6484
6485
6486
6487
6488
6489
6490
6491
6492
6493
6494
6495
6496
6497
6498
6499
6500
6501
6502
6503
6504
6505
6506
6507
6508
6509
6510
6511
6512
6513
6514
6515
6516
6517
6518
6519
6520
6521
6522
6523
6524
6525
6526
6527
6528
6529
6530
6531
6532
6533
6534
6535
6536
6537
6538
6539
6540
6541
6542
6543
6544
6545
6546
6547
6548
6549
6550
6551
6552
6553
6554
6555
6556
6557
6558
6559
6560
6561
6562
6563
6564
6565
6566
6567
6568
6569
6570
6571
6572
6573
6574
6575
6576
6577
6578
6579
6580
6581
6582
6583
6584
6585
6586
6587
6588
6589
6590
6591
6592
6593
6594
6595
6596
6597
6598
6599
6600
6601
6602
6603
6604
6605
6606
6607
6608
6609
6610
6611
6612
6613
6614
6615
6616
6617
6618
6619
6620
6621
6622
6623
6624
6625
6626
6627
6628
6629
6630
6631
6632
6633
6634
6635
6636
6637
6638
6639
6640
6641
6642
6643
6644
6645
6646
6647
6648
6649
6650
6651
6652
6653
6654
6655
6656
6657
6658
6659
6660
6661
6662
6663
6664
6665
6666
6667
6668
6669
6670
6671
6672
6673
6674
6675
6676
6677
6678
6679
6680
6681
6682
6683
6684
6685
6686
6687
6688
6689
6690
6691
6692
6693
6694
6695
6696
6697
6698
6699
6700
6701
6702
6703
6704
6705
6706
6707
6708
6709
6710
6711
6712
6713
6714
6715
6716
6717
6718
6719
6720
6721
6722
6723
6724
6725
6726
6727
6728
6729
6730
6731
6732
6733
6734
6735
6736
6737
6738
6739
6740
6741
6742
6743
6744
6745
6746
6747
6748
6749
6750
6751
6752
6753
6754
6755
6756
6757
6758
6759
6760
6761
6762
6763
6764
6765
6766
6767
6768
6769
6770
6771
6772
6773
6774
6775
6776
6777
6778
6779
6780
6781
6782
6783
6784
6785
6786
6787
6788
6789
6790
6791
6792
6793
6794
6795
6796
6797
6798
6799
6800
6801
6802
6803
6804
6805
6806
6807
6808
6809
6810
6811
6812
6813
6814
6815
6816
6817
6818
6819
6820
6821
6822
6823
6824
6825
6826
6827
6828
6829
6830
6831
6832
6833
6834
6835
6836
6837
6838
6839
6840
6841
6842
6843
6844
6845
6846
6847
6848
6849
6850
6851
6852
6853
6854
6855
6856
6857
6858
6859
6860
6861
6862
6863
6864
6865
6866
6867
6868
6869
6870
6871
6872
6873
6874
6875
6876
6877
6878
6879
6880
6881
6882
6883
6884
6885
6886
6887
6888
6889
6890
6891
6892
6893
6894
6895
6896
6897
6898
6899
6900
6901
6902
6903
6904
6905
6906
6907
6908
6909
6910
6911
6912
6913
6914
6915
6916
6917
6918
6919
6920
6921
6922
6923
6924
6925
6926
6927
6928
6929
6930
6931
6932
6933
6934
6935
6936
6937
6938
6939
6940
6941
6942
6943
6944
6945
6946
6947
6948
6949
6950
6951
6952
6953
6954
6955
6956
6957
6958
6959
6960
6961
6962
6963
6964
6965
6966
6967
6968
6969
6970
6971
6972
6973
6974
6975
6976
6977
6978
6979
6980
6981
6982
6983
6984
6985
6986
6987
6988
6989
6990
6991
6992
6993
6994
6995
6996
6997
6998
6999
7000
7001
7002
7003
7004
7005
7006
7007
7008
7009
7010
7011
7012
7013
7014
7015
7016
7017
7018
7019
7020
7021
7022
7023
7024
7025
7026
7027
7028
7029
7030
7031
7032
7033
7034
7035
7036
7037
7038
7039
7040
7041
7042
7043
7044
7045
7046
7047
7048
7049
7050
7051
7052
7053
7054
7055
7056
7057
7058
7059
7060
7061
7062
7063
7064
7065
7066
7067
7068
7069
7070
7071
7072
7073
7074
7075
7076
7077
7078
7079
7080
7081
7082
7083
7084
7085
7086
7087
7088
7089
7090
7091
7092
7093
7094
7095
7096
7097
7098
7099
7100
7101
7102
7103
7104
7105
7106
7107
7108
7109
7110
7111
7112
7113
7114
7115
7116
7117
7118
7119
7120
7121
7122
7123
7124
7125
7126
7127
7128
7129
7130
7131
7132
7133
7134
7135
7136
7137
7138
7139
7140
7141
7142
7143
7144
7145
7146
7147
7148
7149
7150
7151
7152
7153
7154
7155
7156
7157
7158
7159
7160
7161
7162
7163
7164
7165
7166
7167
7168
7169
7170
7171
7172
7173
7174
7175
7176
7177
7178
7179
7180
7181
7182
7183
7184
7185
7186
7187
7188
7189
7190
7191
7192
7193
7194
7195
7196
7197
7198
7199
7200
7201
7202
7203
7204
7205
7206
7207
7208
7209
7210
7211
7212
7213
7214
7215
7216
7217
7218
7219
7220
7221
7222
7223
7224
7225
7226
7227
7228
7229
7230
7231
7232
7233
7234
7235
7236
7237
7238
7239
7240
7241
7242
7243
7244
7245
7246
7247
7248
7249
7250
7251
7252
7253
7254
7255
7256
7257
7258
7259
7260
7261
7262
7263
7264
7265
7266
7267
7268
7269
7270
7271
7272
7273
7274
7275
7276
7277
7278
7279
7280
7281
7282
7283
7284
7285
7286
7287
7288
7289
7290
7291
7292
7293
7294
7295
7296
7297
7298
7299
7300
7301
7302
7303
7304
7305
7306
7307
7308
7309
7310
7311
7312
7313
7314
7315
7316
7317
7318
7319
7320
7321
7322
7323
7324
7325
7326
7327
7328
7329
7330
7331
7332
7333
7334
7335
7336
7337
7338
7339
7340
7341
7342
7343
7344
7345
7346
7347
7348
7349
7350
7351
7352
7353
7354
7355
7356
7357
7358
7359
7360
7361
7362
7363
7364
7365
7366
7367
7368
7369
7370
7371
7372
7373
7374
7375
7376
7377
7378
7379
7380
7381
7382
7383
7384
7385
7386
7387
7388
7389
7390
7391
7392
7393
7394
7395
7396
7397
7398
7399
7400
7401
7402
7403
7404
7405
7406
7407
7408
7409
7410
7411
7412
7413
7414
7415
7416
7417
7418
7419
7420
7421
7422
7423
7424
7425
7426
7427
7428
7429
7430
7431
7432
7433
7434
7435
7436
7437
7438
7439
7440
7441
7442
7443
7444
7445
7446
7447
7448
7449
7450
7451
7452
7453
7454
7455
7456
7457
7458
7459
7460
7461
7462
7463
7464
7465
7466
7467
7468
7469
7470
7471
7472
7473
7474
7475
7476
7477
7478
7479
7480
7481
7482
7483
7484
7485
7486
7487
7488
7489
7490
7491
7492
7493
7494
7495
7496
7497
7498
7499
7500
7501
7502
7503
7504
7505
7506
7507
7508
7509
7510
7511
7512
7513
7514
7515
7516
7517
7518
7519
7520
7521
7522
7523
7524
7525
7526
7527
7528
7529
7530
7531
7532
7533
7534
7535
7536
7537
7538
7539
7540
7541
7542
7543
7544
7545
7546
7547
7548
7549
7550
7551
7552
7553
7554
7555
7556
7557
7558
7559
7560
7561
7562
7563
7564
7565
7566
7567
7568
7569
7570
7571
7572
7573
7574
7575
7576
7577
7578
7579
7580
7581
7582
7583
7584
7585
7586
7587
7588
7589
7590
7591
7592
7593
7594
7595
7596
7597
7598
7599
7600
7601
7602
7603
7604
7605
7606
7607
7608
7609
7610
7611
7612
7613
7614
7615
7616
7617
7618
7619
7620
7621
7622
7623
7624
7625
7626
7627
7628
7629
7630
7631
7632
7633
7634
7635
7636
7637
7638
7639
7640
7641
7642
7643
7644
7645
7646
7647
7648
7649
7650
7651
7652
7653
7654
7655
7656
7657
7658
7659
7660
7661
7662
7663
7664
7665
7666
7667
7668
7669
7670
7671
7672
7673
7674
7675
7676
7677
7678
7679
7680
7681
7682
7683
7684
7685
7686
7687
7688
7689
7690
7691
7692
7693
7694
7695
7696
7697
7698
7699
7700
7701
7702
7703
7704
7705
7706
7707
7708
7709
7710
7711
7712
7713
7714
7715
7716
7717
7718
7719
7720
7721
7722
7723
7724
7725
7726
7727
7728
7729
7730
7731
7732
7733
7734
7735
7736
7737
7738
7739
7740
7741
7742
7743
7744
7745
7746
7747
7748
7749
7750
7751
7752
7753
7754
7755
7756
7757
7758
7759
7760
7761
7762
7763
7764
7765
7766
7767
7768
7769
7770
7771
7772
7773
7774
7775
7776
7777
7778
7779
7780
7781
7782
7783
7784
7785
7786
7787
7788
7789
7790
7791
7792
7793
7794
7795
7796
7797
7798
7799
7800
7801
7802
7803
7804
7805
7806
7807
7808
7809
7810
7811
7812
7813
7814
7815
7816
7817
7818
7819
7820
7821
7822
7823
7824
7825
7826
7827
7828
7829
7830
7831
7832
7833
7834
7835
7836
7837
7838
7839
7840
7841
7842
7843
7844
7845
7846
7847
7848
7849
7850
7851
7852
7853
7854
7855
7856
7857
7858
7859
7860
7861
7862
7863
7864
7865
7866
7867
7868
7869
7870
7871
7872
7873
7874
7875
7876
7877
7878
7879
7880
7881
7882
7883
7884
7885
7886
7887
7888
7889
7890
7891
7892
7893
7894
7895
7896
7897
7898
7899
7900
7901
7902
7903
7904
7905
7906
7907
7908
7909
7910
7911
7912
7913
7914
7915
7916
7917
7918
7919
7920
7921
7922
7923
7924
7925
7926
7927
7928
7929
7930
7931
7932
7933
7934
7935
7936
7937
7938
7939
7940
7941
7942
7943
7944
7945
7946
7947
7948
7949
7950
7951
7952
7953
7954
7955
7956
7957
7958
7959
7960
7961
7962
7963
7964
7965
7966
7967
7968
7969
7970
7971
7972
7973
7974
7975
7976
7977
7978
7979
7980
7981
7982
7983
7984
7985
7986
7987
7988
7989
7990
7991
7992
7993
7994
7995
7996
7997
7998
7999
8000
8001
8002
8003
8004
8005
8006
8007
8008
8009
8010
8011
8012
8013
8014
8015
8016
8017
8018
8019
8020
8021
8022
8023
8024
8025
8026
8027
8028
8029
8030
8031
8032
8033
8034
8035
8036
8037
8038
8039
8040
8041
8042
8043
8044
8045
8046
8047
8048
8049
8050
8051
8052
8053
8054
8055
8056
8057
8058
8059
8060
8061
8062
8063
8064
8065
8066
8067
8068
8069
8070
8071
8072
8073
8074
8075
8076
8077
8078
8079
8080
8081
8082
8083
8084
8085
8086
8087
8088
8089
8090
8091
8092
8093
8094
8095
8096
8097
8098
8099
8100
8101
8102
8103
8104
8105
8106
8107
8108
8109
8110
8111
8112
8113
8114
8115
8116
8117
8118
8119
8120
8121
8122
8123
8124
8125
8126
8127
8128
8129
8130
8131
8132
8133
8134
8135
8136
8137
8138
8139
8140
8141
8142
8143
8144
8145
8146
8147
8148
8149
8150
8151
8152
8153
8154
8155
8156
8157
8158
8159
8160
8161
8162
8163
8164
8165
8166
8167
8168
8169
8170
8171
8172
8173
8174
8175
8176
8177
8178
8179
8180
8181
8182
8183
8184
8185
8186
8187
8188
8189
8190
8191
8192
8193
8194
8195
8196
8197
8198
8199
8200
8201
8202
8203
8204
8205
8206
8207
8208
8209
8210
8211
8212
8213
8214
8215
8216
8217
8218
8219
8220
8221
8222
8223
8224
8225
8226
8227
8228
8229
8230
8231
8232
8233
8234
8235
8236
8237
8238
8239
8240
8241
8242
8243
8244
8245
8246
8247
8248
8249
8250
8251
8252
8253
8254
8255
8256
8257
8258
8259
8260
8261
8262
8263
8264
8265
8266
8267
8268
8269
8270
8271
8272
8273
8274
8275
8276
8277
8278
8279
8280
8281
8282
8283
8284
8285
8286
8287
8288
8289
8290
8291
8292
8293
8294
8295
8296
8297
8298
8299
8300
8301
8302
8303
8304
8305
8306
8307
8308
8309
8310
8311
8312
8313
8314
8315
8316
8317
8318
8319
8320
8321
8322
8323
8324
8325
8326
8327
8328
8329
8330
8331
8332
8333
8334
8335
8336
8337
8338
8339
8340
8341
8342
8343
8344
8345
8346
8347
8348
8349
8350
8351
8352
8353
8354
8355
8356
8357
8358
8359
8360
8361
8362
8363
8364
8365
8366
8367
8368
8369
8370
8371
8372
8373
8374
8375
8376
8377
8378
8379
8380
8381
8382
8383
8384
8385
8386
8387
8388
8389
8390
8391
8392
8393
8394
8395
8396
8397
8398
8399
8400
8401
8402
8403
8404
8405
8406
8407
8408
8409
8410
8411
8412
8413
8414
8415
8416
8417
8418
8419
8420
8421
8422
8423
8424
8425
8426
8427
8428
8429
8430
8431
8432
8433
8434
8435
8436
8437
8438
8439
8440
8441
8442
8443
8444
8445
8446
8447
8448
8449
8450
8451
8452
8453
8454
8455
8456
8457
8458
8459
8460
8461
8462
8463
8464
8465
8466
8467
8468
8469
8470
8471
8472
8473
8474
8475
8476
8477
8478
8479
8480
8481
8482
8483
8484
8485
8486
8487
8488
8489
8490
8491
8492
8493
8494
8495
8496
8497
8498
8499
8500
8501
8502
8503
8504
8505
8506
8507
8508
8509
8510
8511
8512
8513
8514
8515
8516
8517
8518
8519
8520
8521
8522
8523
8524
8525
8526
8527
8528
8529
8530
8531
8532
8533
8534
8535
8536
8537
8538
8539
8540
8541
8542
8543
8544
8545
8546
8547
8548
8549
8550
8551
8552
8553
8554
8555
8556
8557
8558
8559
8560
8561
8562
8563
8564
8565
8566
8567
8568
8569
8570
8571
8572
8573
8574
8575
8576
8577
8578
8579
8580
8581
8582
8583
8584
8585
8586
8587
8588
8589
8590
8591
8592
8593
8594
8595
8596
8597
8598
8599
8600
8601
8602
8603
8604
8605
8606
8607
8608
8609
8610
8611
8612
8613
8614
8615
8616
8617
8618
8619
8620
8621
8622
8623
8624
8625
8626
8627
8628
8629
8630
8631
8632
8633
8634
8635
8636
8637
8638
8639
8640
8641
8642
8643
8644
8645
8646
8647
8648
8649
8650
8651
8652
8653
8654
8655
8656
8657
8658
8659
8660
8661
8662
8663
8664
8665
8666
8667
8668
8669
8670
8671
8672
8673
8674
8675
8676
8677
8678
8679
8680
8681
8682
8683
8684
8685
8686
8687
8688
8689
8690
8691
8692
8693
8694
8695
8696
8697
8698
8699
8700
8701
8702
8703
8704
8705
8706
8707
8708
8709
8710
8711
8712
8713
8714
8715
8716
8717
8718
8719
8720
8721
8722
8723
8724
8725
8726
8727
8728
8729
8730
8731
8732
8733
8734
8735
8736
8737
8738
8739
8740
8741
8742
8743
8744
8745
8746
8747
8748
8749
8750
8751
8752
8753
8754
8755
8756
8757
8758
8759
8760
8761
8762
8763
8764
8765
8766
8767
8768
8769
8770
8771
8772
8773
8774
8775
8776
8777
8778
8779
8780
8781
8782
8783
8784
8785
8786
8787
8788
8789
8790
8791
8792
8793
8794
8795
8796
8797
8798
8799
8800
8801
8802
8803
8804
8805
8806
8807
8808
8809
8810
8811
8812
8813
8814
8815
8816
8817
8818
8819
8820
8821
8822
8823
8824
8825
8826
8827
8828
8829
8830
8831
8832
8833
8834
8835
8836
8837
8838
8839
8840
8841
8842
8843
8844
8845
8846
8847
8848
8849
8850
8851
8852
8853
8854
8855
8856
8857
8858
8859
8860
8861
8862
8863
8864
8865
8866
8867
8868
8869
8870
8871
8872
8873
8874
8875
8876
8877
8878
8879
8880
8881
8882
8883
8884
8885
8886
8887
8888
8889
8890
8891
8892
8893
8894
8895
8896
8897
8898
8899
8900
8901
8902
8903
8904
8905
8906
8907
8908
8909
8910
8911
8912
8913
8914
8915
8916
8917
8918
8919
8920
8921
8922
8923
8924
8925
8926
8927
8928
8929
8930
8931
8932
8933
8934
8935
8936
8937
8938
8939
8940
8941
8942
8943
8944
8945
8946
8947
8948
8949
8950
8951
8952
8953
8954
8955
8956
8957
8958
8959
8960
8961
8962
8963
8964
8965
8966
8967
8968
8969
8970
8971
8972
8973
8974
8975
8976
8977
8978
8979
8980
8981
8982
8983
8984
8985
8986
8987
8988
8989
8990
8991
8992
8993
8994
8995
8996
8997
8998
8999
9000
9001
9002
9003
9004
9005
9006
9007
9008
9009
9010
9011
9012
9013
9014
9015
9016
9017
9018
9019
9020
9021
9022
9023
9024
9025
9026
9027
9028
9029
9030
9031
9032
9033
9034
9035
9036
9037
9038
9039
9040
9041
9042
9043
9044
9045
9046
9047
9048
9049
9050
9051
9052
9053
9054
9055
9056
9057
9058
9059
9060
9061
9062
9063
9064
9065
9066
9067
9068
9069
9070
9071
9072
9073
9074
9075
9076
9077
9078
9079
9080
9081
9082
9083
9084
9085
9086
9087
9088
9089
9090
9091
9092
9093
9094
9095
9096
9097
9098
9099
9100
9101
9102
9103
9104
9105
9106
9107
9108
9109
9110
9111
9112
9113
9114
9115
9116
9117
9118
9119
9120
9121
9122
9123
9124
9125
9126
9127
9128
9129
9130
9131
9132
9133
9134
9135
9136
9137
9138
9139
9140
9141
9142
9143
9144
9145
9146
9147
9148
9149
9150
9151
9152
9153
9154
9155
9156
9157
9158
9159
9160
9161
9162
9163
9164
9165
9166
9167
9168
9169
9170
9171
9172
9173
9174
9175
9176
9177
9178
9179
9180
9181
9182
9183
9184
9185
9186
9187
9188
9189
9190
9191
9192
9193
9194
9195
9196
9197
9198
9199
9200
9201
9202
9203
9204
9205
9206
9207
9208
9209
9210
9211
9212
9213
9214
9215
9216
9217
9218
9219
9220
9221
9222
9223
9224
9225
9226
9227
9228
9229
9230
9231
9232
9233
9234
9235
9236
9237
9238
9239
9240
9241
9242
9243
9244
9245
9246
9247
9248
9249
9250
9251
9252
9253
9254
9255
9256
9257
9258
9259
9260
9261
9262
9263
9264
9265
9266
9267
9268
9269
9270
9271
9272
9273
9274
9275
9276
9277
9278
9279
9280
9281
9282
9283
9284
9285
9286
9287
9288
9289
9290
9291
9292
9293
9294
9295
9296
9297
9298
9299
9300
9301
9302
9303
9304
9305
9306
9307
9308
9309
9310
9311
9312
9313
9314
9315
9316
9317
9318
9319
9320
9321
9322
9323
9324
9325
9326
9327
9328
9329
9330
9331
9332
9333
9334
9335
9336
9337
9338
9339
9340
9341
9342
9343
9344
9345
9346
9347
9348
9349
9350
9351
9352
9353
9354
9355
9356
9357
9358
9359
9360
9361
9362
9363
9364
9365
9366
9367
9368
9369
9370
9371
9372
9373
9374
9375
9376
9377
9378
9379
9380
9381
9382
9383
9384
9385
9386
9387
9388
9389
9390
9391
9392
9393
9394
9395
9396
9397
9398
9399
9400
9401
9402
9403
9404
9405
9406
9407
9408
9409
9410
9411
9412
9413
9414
9415
9416
9417
9418
9419
9420
9421
9422
9423
9424
9425
9426
9427
9428
9429
9430
9431
9432
9433
9434
9435
9436
9437
9438
9439
9440
9441
9442
9443
9444
9445
9446
9447
9448
9449
9450
9451
9452
9453
9454
9455
9456
9457
9458
9459
9460
9461
9462
9463
9464
9465
9466
9467
9468
9469
9470
9471
9472
9473
9474
9475
9476
9477
9478
9479
9480
9481
9482
9483
9484
9485
9486
9487
9488
9489
9490
9491
9492
9493
9494
9495
9496
9497
9498
9499
9500
9501
9502
9503
9504
9505
9506
9507
9508
9509
9510
9511
9512
9513
9514
9515
9516
9517
9518
9519
9520
9521
9522
9523
9524
9525
9526
9527
9528
9529
9530
9531
9532
9533
9534
9535
9536
9537
9538
9539
9540
9541
9542
9543
9544
9545
9546
9547
9548
9549
9550
9551
9552
9553
9554
9555
9556
9557
9558
9559
9560
9561
9562
9563
9564
9565
9566
9570
9571
9572
9576
9577
9578
9582
9583
9584
9618
9619
9620
9624
9625
9626
9630
9631
9632
9660
9661
9662
9666
9667
9668
9675
9676
9677
9702
9703
9704
9711
9712
9713
9744
9745
9746
9750
9751
9752
9756
9757
9758
9786
9787
9788
9792
9793
9794
9795
9796
9797
9822
9823
9824
9828
9829
9830
9834
9835
9836
9876
9877
9878
9882
9883
9884
9918
9919
9920
9924
9925
9926
9930
9931
9932
9966
9967
9968
9972
9973
9974
9975
9976
9977
10008
10009
10010
10014
10015
10016
10023
10024
10025
10056
10057
10058
10062
10063
10064
10092
10093
10094
10098
10099
10100
10101
10102
10103
10134
10135
10136
10137
10138
10139
10143
10144
10145
10170
10171
10172
10176
10177
10178
10182
10183
10184
10212
10213
10214
10221
10222
10223
10254
10255
10256
10263
10264
10265
10296
10297
10298
10299
10300
10301
10302
10303
10304
10338
10339
10340
10341
10342
10343
10380
10381
10382
10386
10387
10388
10437
10438
10439
10464
10465
10466
10470
10471
10472
10473
10474
10475
10503
10504
10505
10506
10507
10508
10509
10510
10511
10542
10543
10544
10548
10549
10550
10581
10582
10583
10584
10585
10586
10587
10588
10589
10593
10594
10595
10620
10621
10622
10635
10636
10637
10677
10678
10679
10704
10705
10706
10710
10711
10712
10716
10717
10718
10746
10747
10748
10752
10753
10754
10755
10756
10757
10788
10789
10790
10791
10792
10793
10797
10798
10799
10827
10828
10829
10833
10834
10835
10860
10861
10862
10875
10876
10877
10902
10903
10904
10905
10906
10907
10911
10912
10913
10935
10936
10937
10938
10939
10940
10983
10984
10985
10986
10987
10988
10989
10990
10991
11016
11017
11018
11022
11023
11024
11028
11029
11030
11058
11059
11060
11061
11062
11063
11064
11065
11066
11094
11095
11096
11097
11098
11099
11103
11104
11105
11130
11131
11132
11145
11146
11147
11172
11173
11174
11187
11188
11189
11214
11215
11216
11220
11221
11222
11223
11224
11225
11250
11251
11252
11256
11257
11258
11262
11263
11264
11292
11293
11294
11295
11296
11297
11298
11299
11300
11328
11329
11330
11340
11341
11342
11376
11377
11378
11382
11383
11384
11385
11386
11387
11424
11425
11426
11427
11428
11429
11454
11455
11456
11457
11458
11459
11460
11461
11462
11490
11491
11492
11502
11503
11504
11538
11539
11540
11541
11542
11543
11547
11548
11549
11574
11575
11576
11589
11590
11591
11616
11617
11618
11631
11632
11633
11658
11659
11660
11664
11665
11666
11670
11671
11672
11706
11707
11708
11712
11713
11714
11718
11719
11720
11748
11749
11750
11760
11761
11762
11793
11794
11795
11796
11797
11798
11802
11803
11804
11811
11812
11813
11838
11839
11840
11844
11845
11846
11847
11848
11849
11874
11875
11876
11877
11878
11879
11880
11881
11882
11910
11911
11912
11916
11917
11918
11922
11923
11924
11958
11959
11960
11964
11965
11966
12006
12007
12008
12009
12010
12011
12015
12016
12017
12042
12043
12044
12048
12049
12050
12057
12058
12059
12084
12085
12086
12090
12091
12092
12099
12100
12101
12126
12127
12128
12132
12133
12134
12141
12142
12143
12168
12169
12170
12174
12175
12176
12180
12181
12182
12216
12217
12218
12222
12223
12224
12225
12226
12227
12258
12259
12260
12264
12265
12266
12267
12268
12269
12306
12307
12308
12312
12313
12314
12348
12349
12350
12354
12355
12356
12357
12358
12359
12390
12391
12392
12396
12397
12398
12432
12433
12434
12438
12439
12440
12468
12469
12470
12471
12472
12473
12474
12475
12476
12504
12505
12506
12510
12511
12512
12516
12517
12518
12552
12553
12554
12558
12559
12560
12561
12562
12563
12594
12595
12596
12600
12601
12602
12642
12643
12644
12651
12652
12653
12690
12691
12692
12699
12700
12701
12729
12730
12731
12735
12736
12737
12762
12763
12764
12768
12769
12770
12771
12772
12773
12801
12802
12803
12804
12805
12806
12810
12811
12812
12846
12847
12848
12849
12850
12851
12852
12853
12854
12882
12883
12884
12888
12889
12890
12891
12892
12893
12924
12925
12926
12927
12928
12929
12933
12934
12935
12966
12967
12968
12975
12976
12977
13002
13003
13004
13005
13006
13007
13008
13009
13010
13044
13045
13046
13050
13051
13052
13086
13087
13088
13092
13093
13094
13095
13096
13097
13122
13123
13124
13137
13138
13139
13164
13165
13166
13170
13171
13172
13173
13174
13175
13206
13207
13208
13212
13213
13214
13242
13243
13244
13248
13249
13250
13251
13252
13253
13293
13294
13295
13329
13330
13331
13332
13333
13334
13362
13363
13364
13368
13369
13370
13371
13372
13373
13404
13405
13406
13410
13411
13412
13416
13417
13418
13446
13447
13448
13449
13450
13451
13455
13456
13457
13488
13489
13490
13494
13495
13496
13539
13540
13541
13563
13564
13565
13566
13567
13568
13569
13570
13571
13596
13597
13598
13602
13603
13604
13608
13609
13610
13644
13645
13646
13650
13651
13652
13653
13654
13655
13695
13696
13697
13731
13732
13733
13734
13735
13736
13764
13765
13766
13770
13771
13772
13779
13780
13781
13806
13807
13808
13815
13816
13817
13848
13849
13850
13863
13864
13865
13890
13891
13892
13893
13894
13895
13899
13900
13901
13926
13927
13928
13932
13933
13934
13980
13981
13982
13986
13987
13988
14016
14017
14018
14022
14023
14024
14028
14029
14030
14076
14077
14078
14112
14113
14114
14118
14119
14120
14121
14122
14123
14148
14149
14150
14154
14155
14156
14160
14161
14162
14196
14197
14198
14202
14203
14204
14238
14239
14240
14244
14245
14246
14247
14248
14249
14286
14287
14288
14292
14293
14294
14328
14329
14330
14331
14332
14333
14334
14335
14336
14361
14362
14363
14376
14377
14378
14406
14407
14408
14415
14416
14417
14445
14446
14447
14448
14449
14450
14451
14452
14453
14478
14479
14480
14493
14494
14495
14526
14527
14528
14532
14533
14534
14562
14563
14564
14568
14569
14570
14577
14578
14579
14604
14605
14606
14619
14620
14621
14643
14644
14652
14653
14655
14656
14657
14688
14689
14694
14695
14696
14703
14704
14733
14734
14735
14739
14740
14741
14766
14767
14768
14772
14773
14774
14778
14779
14780
14814
14815
14816
14826
14827
14828
14868
14869
14870
14904
14905
14906
14913
14914
14915
14943
14944
14945
14946
14947
14948
14949
14950
14951
14976
14977
14978
14988
14989
14990
15030
15031
15032
15072
15073
15074
15081
15082
15083
15117
15118
15119
15159
15160
15161
15162
15163
15164
15165
15166
15167
15198
15199
15200
15204
15205
15206
15234
15235
15236
15240
15241
15242
15243
15244
15245
15270
15271
15272
15276
15277
15278
15282
15283
15284
15318
15319
15320
15324
15325
15326
15330
15331
15332
15360
15361
15362
15366
15367
15368
15375
15376
15377
15402
15403
15404
15408
15409
15410
15417
15418
15419
15444
15445
15446
15447
15448
15449
15450
15451
15452
15486
15487
15488
15492
15493
15494
15528
15529
15530
15543
15544
15545
15570
15571
15572
15582
15583
15584
15609
15610
15611
15612
15613
15614
15615
15616
15617
15642
15643
15644
15657
15658
15659
15684
15685
15686
15690
15691
15692
15693
15694
15695
15720
15721
15722
15726
15727
15728
15732
15733
15734
15768
15769
15770
15774
15775
15776
15780
15781
15782
15807
15808
15809
15810
15811
15812
15822
15823
15824
15852
15853
15854
15864
15865
15866
15897
15898
15899
15900
15901
15902
15906
15907
15908
15909
15910
15911
15942
15943
15944
15948
15949
15950
15957
15958
15959
15984
15985
15986
15990
15991
15992
16032
16033
16034
16038
16039
16040
16041
16042
16043
16068
16069
16070
16074
16075
16076
16077
16078
16079
16110
16111
16112
16125
16126
16127
16152
16153
16154
16155
16156
16157
16158
16159
16160
16188
16189
16190
16194
16195
16196
16197
16198
16199
16230
16231
16232
16242
16243
16244
16278
16279
16280
16281
16282
16283
16284
16285
16286
16314
16315
16316
16320
16321
16322
16323
16324
16325
16350
16351
16352
16356
16357
16358
16401
16402
16403
16404
16405
16406
16434
16435
16436
16440
16441
16442
16446
16447
16448
16476
16477
16478
16482
16483
16484
16530
16531
16532
16536
16537
16538
16578
16579
16580
16605
16606
16607
16608
16609
16610
16611
16612
16613
16638
16639
16640
16644
16645
16646
16650
16651
16652
16692
16693
16694
16701
16702
16703
16728
16729
16730
16734
16735
16736
16737
16738
16739
16776
16777
16778
16782
16783
16784
16818
16819
16820
16824
16825
16826
16854
16855
16856
16857
16858
16859
16860
16861
16862
16890
16891
16892
16896
16897
16898
16902
16903
16904
16944
16945
16946
16977
16978
16979
16980
16981
16982
16983
16984
16985
17010
17011
17012
17016
17017
17018
17019
17020
17021
17052
17053
17054
17058
17059
17060
17061
17062
17063
17094
17095
17096
17100
17101
17102
17109
17110
17111
17136
17137
17138
17139
17140
17141
17145
17146
17147
17172
17173
17174
17187
17188
17189
17214
17215
17216
17220
17221
17222
17226
17227
17228
17268
17269
17270
17274
17275
17276
17310
17311
17312
17316
17317
17318
17319
17320
17321
17352
17353
17354
17355
17356
17357
17358
17359
17360
17388
17389
17390
17394
17395
17396
17397
17398
17399
17430
17431
17432
17436
17437
17438
17442
17443
17444
17472
17473
17474
17478
17479
17480
17481
17482
17483
17514
17515
17523
17524
17559
17560
17561
17562
17563
17564
17565
17566
17571
17572
17595
17596
17597
17601
17602
17607
17608
17637
17638
17639
17640
17641
17642
17643
17644
17649
17650
17676
17677
17678
17682
17683
17684
17691
17692
17693
17718
17719
17720
17733
17734
17735
17760
17761
17762
17769
17770
17771
17802
17803
17804
17808
17809
17810
17850
17851
17852
17856
17857
17858
17859
17860
17861
17886
17887
17888
17892
17893
17894
17895
17896
17897
17922
17923
17924
17928
17929
17930
17934
17935
17936
17970
17971
17972
17982
17983
17984
18012
18013
18014
18021
18022
18023
18054
18055
18056
18060
18061
18062
18066
18067
18068
18102
18103
18104
18108
18109
18110
18117
18118
18119
18144
18145
18146
18150
18151
18152
18159
18160
18161
18186
18187
18188
18195
18196
18197
18228
18229
18230
18234
18235
18236
18240
18241
18242
18270
18271
18272
18276
18277
18278
18279
18280
18281
18312
18313
18314
18360
18361
18362
18369
18370
18371
18408
18409
18410
18414
18415
18416
18447
18448
18449
18450
18451
18452
18477
18478
18479
18480
18481
18482
18486
18487
18488
18495
18496
18497
18522
18523
18524
18525
18526
18527
18531
18532
18533
18606
18607
18608
18615
18616
18617
18654
18655
18656
18660
18661
18662
18690
18691
18692
18696
18697
18698
18702
18703
18704
18732
18733
18734
18738
18739
18740
18777
18778
18779
18780
18781
18782
18786
18787
18788
18789
18790
18791
18822
18823
18824
18828
18829
18830
18867
18868
18869
18870
18871
18872
18879
18880
18881
18909
18910
18911
18915
18916
18917
18939
18940
18941
18942
18943
18944
18945
18946
18947
18975
18976
18977
18981
18982
18983
19017
19018
19019
19020
19021
19022
19056
19057
19058
19071
19072
19073
19098
19099
19100
19113
19114
19115
19140
19141
19142
19143
19144
19145
19149
19150
19151
19176
19177
19178
19188
19189
19190
19224
19225
19226
19227
19228
19229
19233
19234
19235
19260
19261
19262
19266
19267
19268
19308
19309
19310
19314
19315
19316
19320
19321
19322
19350
19351
19352
19356
19357
19358
19359
19360
19361
19386
19387
19388
19392
19393
19394
19398
19399
19400
19434
19435
19436
19440
19441
19442
19449
19450
19451
19482
19483
19484
19488
19489
19490
19539
19540
19541
19566
19567
19568
19572
19573
19574
19575
19576
19577
19602
19603
19604
19608
19609
19610
19614
19615
19616
19656
19657
19658
19686
19687
19688
19701
19702
19703
19728
19729
19730
19737
19738
19739
19770
19771
19772
19776
19777
19778
19782
19783
19784
19818
19819
19820
19833
19834
19835
19860
19861
19862
19866
19867
19868
19869
19870
19871
19905
19906
19907
19911
19912
19913
19941
19942
19943
19944
19945
19946
19947
19948
19949
19974
19975
19976
19983
19984
19985
20025
20026
20027
20055
20057
20064
20066
20067
20068
20069
20100
20102
20106
20107
20108
20109
20111
20139
20140
20141
20142
20143
20144
20145
20146
20147
20172
20173
20174
20178
20179
20180
20181
20182
20183
20220
20221
20222
20226
20227
20228
20256
20257
20258
20262
20263
20264
20265
20266
20267
20298
20299
20300
20301
20302
20303
20307
20308
20309
20337
20338
20339
20340
20341
20342
20379
20380
20381
20382
20383
20384
20385
20386
20387
20412
20413
20414
20415
20416
20417
20418
20419
20420
20448
20449
20450
20463
20464
20465
20490
20491
20492
20505
20506
20507
20532
20533
20534
20535
20536
20537
20538
20539
20540
20568
20569
20570
20574
20575
20576
20583
20584
20585
20610
20611
20612
20625
20626
20627
20652
20653
20654
20658
20659
20660
20700
20701
20702
20703
20704
20705
20706
20707
20708
20739
20740
20741
20745
20746
20747
20775
20776
20777
20778
20779
20780
20808
20809
20810
20817
20818
20819
20859
20860
20861
20862
20863
20864
20892
20893
20894
20907
20908
20909
20934
20935
20936
20940
20941
20942
20943
20944
20945
20970
20971
20972
20985
20986
20987
21012
21013
21014
21027
21028
21029
21054
21055
21056
21060
21061
21062
21069
21070
21071
21096
21097
21098
21102
21103
21104
21108
21109
21110
21150
21151
21152
21159
21160
21161
21186
21187
21188
21201
21202
21203
21237
21238
21239
21276
21277
21278
21279
21280
21281
21312
21313
21314
21315
21316
21317
21342
21343
21344
21348
21349
21350
21354
21355
21356
21390
21391
21392
21396
21397
21398
21399
21400
21401
21432
21433
21434
21444
21445
21446
21480
21481
21482
21489
21490
21491
21519
21520
21521
21525
21526
21527
21552
21553
21554
21558
21559
21560
21561
21562
21563
21594
21595
21596
21600
21601
21602
21606
21607
21608
21636
21637
21638
21642
21643
21644
21651
21652
21653
21678
21679
21680
21681
21682
21683
21687
21688
21689
21714
21715
21716
21729
21730
21731
21756
21757
21758
21762
21763
21764
21771
21772
21773
21798
21799
21800
21804
21805
21806
21807
21808
21809
21846
21847
21848
21852
21853
21854
21888
21889
21890
21894
21895
21896
21897
21898
21899
21924
21925
21926
21927
21928
21929
21933
21934
21935
21960
21961
21962
21969
21970
21971
22008
22009
22010
22014
22015
22016
22047
22048
22049
22050
22051
22052
22080
22081
22082
22089
22090
22091
22122
22123
22124
22128
22129
22130
22134
22135
22136
22164
22165
22166
22170
22171
22172
22173
22174
22175
22212
22213
22214
22218
22219
22220
22248
22249
22250
22254
22255
22256
22257
22258
22259
22284
22285
22286
22296
22297
22298
22332
22333
22334
22338
22339
22340
22341
22342
22343
22374
22375
22376
22383
22384
22385
22422
22423
22424
22428
22429
22430
22464
22465
22466
22470
22471
22472
22509
22510
22511
22548
22549
22550
22554
22555
22556
22590
22591
22592
22593
22594
22595
22623
22624
22625
22632
22633
22634
22665
22666
22667
22668
22669
22670
22671
22672
22673
22698
22699
22700
22704
22705
22706
22710
22711
22712
22740
22741
22742
22746
22747
22748
22752
22753
22754
22779
22781
22785
22786
22787
22794
22796
22821
22823
22827
22828
22829
22836
22838
22863
22864
22865
22866
22867
22868
22872
22874
22875
22877
22908
22909
22910
22914
22915
22916
22944
22945
22946
22947
22948
22949
22950
22951
22952
22980
22981
22982
22989
22990
22991
23028
23029
23030
23031
23032
23033
23070
23071
23072
23073
23074
23075
23097
23098
23099
23100
23101
23102
23103
23104
23105
23130
23131
23132
23136
23137
23138
23142
23143
23144
23172
23173
23174
23181
23182
23183
23214
23215
23216
23220
23221
23222
23223
23224
23225
23250
23251
23252
23256
23257
23258
23262
23263
23264
23292
23293
23294
23298
23299
23300
23301
23302
23303
23334
23335
23336
23343
23344
23345
23376
23377
23378
23385
23386
23387
23418
23419
23420
23421
23422
23423
23427
23428
23429
23451
23453
23460
23462
23469
23470
23471
23502
23503
23504
23505
23506
23507
23535
23537
23544
23546
23547
23548
23549
23580
23581
23582
23586
23587
23588
23616
23617
23618
23631
23632
23633
23658
23659
23660
23661
23662
23663
23664
23665
23666
23694
23696
23700
23701
23702
23709
23711
23736
23737
23738
23742
23743
23744
23745
23746
23747
23769
23771
23778
23780
23787
23788
23789
23811
23812
23813
23817
23819
23829
23831
23859
23860
23861
23865
23866
23867
23892
23893
23894
23901
23902
23903
23934
23935
23936
23943
23944
23945
23979
23980
23981
23982
23983
23984
24012
24013
24014
24021
24022
24023
24054
24055
24056
24063
24064
24065
24099
24100
24101
24105
24106
24107
24132
24133
24134
24138
24139
24140
24141
24142
24143
24174
24175
24176
24180
24181
24182
24183
24184
24185
24216
24217
24218
24222
24223
24224
24228
24229
24230
24258
24259
24260
24264
24265
24266
24267
24268
24269
24294
24295
24296
24306
24307
24308
24354
24355
24356
24384
24385
24386
24429
24430
24431
24432
24433
24434
24435
24436
24437
24459
24460
24461
24462
24463
24464
24468
24469
24470
24477
24478
24479
24504
24505
24506
24510
24511
24512
24513
24514
24515
24540
24541
24542
24555
24556
24557
24597
24598
24599
24624
24626
24630
24631
24632
24639
24641
24666
24667
24668
24669
24670
24671
24672
24673
24674
24708
24709
24710
24714
24715
24716
24744
24745
24746
24750
24751
24752
24753
24754
24755
24786
24787
24788
24792
24793
24794
24795
24796
24797
24828
24829
24830
24834
24835
24836
24870
24871
24872
24873
24874
24875
24900
24901
24902
24906
24907
24908
24948
24949
24950
24957
24958
24959
24960
24961
24962
24996
24997
24998
25002
25003
25004
25005
25006
25007
25032
25033
25034
25038
25039
25040
25095
25096
25097
25122
25123
25124
25131
25132
25133
25161
25162
25163
25164
25165
25166
25170
25171
25172
25179
25180
25181
25206
25207
25208
25212
25213
25214
25215
25216
25217
25242
25243
25244
25254
25255
25256
25290
25291
25292
25296
25297
25298
25302
25303
25304
25332
25333
25334
25338
25339
25340
25341
25342
25343
25371
25372
25373
25377
25378
25379
25404
25405
25406
25410
25411
25412
25416
25417
25418
25446
25447
25448
25452
25453
25454
25455
25456
25457
25482
25483
25484
25488
25489
25490
25494
25495
25496
25524
25525
25526
25530
25531
25532
25533
25534
25535
25566
25567
25568
25569
25570
25571
25572
25573
25574
25602
25603
25604
25608
25609
25610
25614
25615
25616
25644
25645
25646
25647
25648
25649
25650
25651
25652
25686
25687
25688
25689
25690
25691
25716
25717
25718
25722
25723
25724
25764
25765
25766
25776
25777
25778
25812
25813
25814
25824
25825
25826
25866
25867
25868
25875
25876
25877
25917
25918
25919
25950
25951
25952
25956
25957
25958
25989
25990
25991
25992
25993
25994
26022
26023
26024
26037
26038
26039
26064
26065
26066
26070
26071
26072
26076
26077
26078
26112
26113
26114
26160
26161
26162
26163
26164
26165
26190
26191
26192
26196
26197
26198
26199
26200
26201
26226
26227
26228
26274
26275
26276
26277
26278
26279
26280
26281
26282
26313
26314
26315
26361
26362
26363
26367
26368
26369
26391
26392
26393
26394
26395
26396
26397
26398
26399
26427
26428
26429
26430
26431
26432
26466
26467
26468
26472
26473
26474
26502
26503
26504
26508
26509
26510
26514
26515
26516
26544
26545
26546
26553
26554
26555
26586
26587
26588
26589
26590
26591
26592
26593
26594
26622
26623
26624
26637
26638
26639
26664
26665
26666
26670
26671
26672
26673
26674
26675
26706
26707
26708
26709
26710
26711
26715
26716
26717
26742
26743
26744
26748
26749
26750
26754
26755
26756
26796
26797
26798
26799
26800
26801
26829
26830
26831
26832
26833
26834
26844
26845
26846
26874
26875
26876
26880
26881
26882
26886
26887
26888
26916
26917
26918
26922
26923
26924
26928
26929
26930
26958
26959
26960
26970
26971
26972
27006
27007
27008
27012
27013
27014
27015
27016
27017
27057
27058
27059
27084
27085
27086
27090
27092
27096
27098
27123
27124
27125
27126
27127
27128
27129
27131
27132
27134
27162
27163
27164
27168
27169
27170
27171
27172
27173
27204
27205
27206
27210
27211
27212
27240
27241
27242
27243
27244
27245
27246
27247
27248
27273
27274
27275
27279
27281
27291
27293
27315
27317
27321
27322
27323
27330
27332
27357
27358
27359
27360
27361
27362
27363
27365
27366
27368
27396
27397
27398
27402
27403
27404
27405
27406
27407
27438
27439
27440
27444
27445
27446
27447
27448
27449
27480
27481
27482
27483
27484
27485
27489
27490
27491
27528
27529
27530
27555
27556
27557
27558
27559
27560
27567
27568
27569
27600
27601
27602
27612
27613
27614
27648
27649
27650
27651
27652
27653
27654
27655
27656
27690
27691
27692
27696
27697
27698
27726
27727
27728
27732
27733
27734
27735
27736
27737
27765
27766
27767
27771
27772
27773
27813
27814
27815
27840
27841
27842
27855
27856
27857
27885
27886
27887
27888
27889
27890
27918
27919
27920
27933
27934
27935
27960
27961
27962
27972
27973
27974
28005
28006
28007
28008
28009
28010
28038
28039
28040
28053
28054
28055
28080
28081
28082
28092
28093
28094
28128
28129
28130
28134
28135
28136
28140
28141
28142
28170
28171
28172
28176
28177
28178
28182
28183
28184
28215
28216
28217
28218
28219
28220
28221
28222
28223
28257
28258
28259
28260
28261
28262
28266
28267
28268
28296
28297
28298
28302
28303
28304
28305
28306
28307
28332
28333
28334
28344
28345
28346
28377
28378
28379
28386
28387
28388
28389
28390
28391
28422
28423
28424
28428
28429
28430
28437
28438
28439
28467
28468
28469
28470
28471
28472
28503
28504
28505
28506
28507
28508
28536
28537
28538
28542
28543
28544
28551
28552
28553
28578
28579
28580
28584
28585
28586
28590
28591
28592
28620
28621
28622
28635
28636
28637
28668
28669
28670
28671
28672
28673
28698
28699
28700
28743
28744
28745
28746
28747
28748
28749
28750
28751
28776
28777
28778
28785
28786
28787
28824
28825
28826
28827
28828
28829
28854
28855
28856
28869
28870
28871
28896
28897
28898
28905
28906
28907
28938
28939
28940
28941
28942
28943
28944
28945
28946
28974
28975
28976
28980
28981
28982
28989
28990
28991
29016
29017
29018
29022
29023
29024
29025
29026
29027
29058
29059
29060
29061
29062
29063
29067
29068
29069
29094
29096
29097
29099
29106
29107
29108
29136
29138
29142
29143
29144
29151
29153
29178
29179
29180
29184
29185
29186
29187
29188
29189
29214
29215
29216
29220
29221
29222
29226
29227
29228
29256
29257
29258
29271
29272
29273
29313
29314
29315
29346
29347
29348
29388
29389
29390
29394
29395
29396
29397
29398
29399
29421
29423
29427
29428
29429
29436
29438
29469
29470
29471
29472
29473
29474
29508
29509
29510
29514
29515
29516
29556
29557
29558
29559
29560
29561
29589
29590
29591
29592
29593
29594
29622
29623
29624
29628
29629
29630
29634
29635
29636
29664
29665
29666
29673
29674
29675
29712
29713
29714
29718
29719
29720
29757
29758
29759
29769
29770
29771
29796
29797
29798
29802
29803
29804
29805
29806
29807
29835
29836
29837
29838
29839
29840
29841
29842
29843
29871
29873
29880
29882
29916
29918
29922
29923
29924
29925
29927
29955
29956
29957
29961
29962
29963
29991
29992
29993
29994
29995
29996
30000
30001
30002
30033
30034
30035
30045
30046
30047
30075
30076
30077
30081
30082
30083
30108
30109
30110
30114
30115
30116
30123
30124
30125
30150
30151
30152
30156
30157
30158
30165
30166
30167
30192
30193
30194
30198
30199
30200
30204
30205
30206
30234
30235
30236
30243
30244
30245
30276
30277
30278
30279
30280
30281
30282
30283
30284
30318
30319
30320
30357
30358
30359
30360
30361
30362
30363
30364
30365
30390
30391
30392
30399
30400
30401
30435
30436
30437
30438
30439
30440
30471
30472
30473
30474
30475
30476
30483
30484
30485
30513
30514
30515
30519
30520
30521
30591
30592
30593
30594
30595
30596
30597
30598
30599
30624
30625
30626
30639
30640
30641
30669
30670
30671
30675
30676
30677
30702
30703
30704
30705
30706
30707
30711
30712
30713
30738
30739
30740
30753
30754
30755
30783
30784
30785
30786
30787
30788
30816
30817
30818
30828
30829
30830
30864
30865
30866
30879
30880
30881
30906
30907
30908
30909
30910
30911
30912
30913
30914
30942
30943
30944
30996
30997
30998
30999
31000
31001
31032
31033
31034
31038
31039
31040
31065
31066
31067
31068
31070
31071
31073
31095
31096
31097
31098
31099
31100
31101
31102
31103
31143
31144
31145
31167
31168
31169
31170
31171
31172
31173
31175
31176
31178
31206
31207
31208
31212
31213
31214
31218
31219
31220
31248
31249
31250
31254
31255
31256
31257
31258
31259
31296
31297
31298
31302
31303
31304
31338
31339
31340
31344
31345
31346
31350
31351
31352
31380
31381
31382
31395
31396
31397
31422
31423
31424
31425
31426
31427
31431
31432
31433
31473
31474
31475
31500
31501
31502
31506
31507
31508
31509
31510
31511
31536
31537
31538
31545
31546
31547
31584
31585
31586
31587
31588
31589
31590
31591
31592
31617
31618
31619
31620
31621
31622
31623
31624
31625
31650
31651
31652
31656
31657
31658
31662
31663
31664
31692
31693
31694
31698
31699
31700
31701
31702
31703
31734
31735
31736
31740
31741
31742
31770
31771
31772
31776
31777
31778
31785
31786
31787
31812
31813
31814
31815
31816
31817
31818
31819
31820
31848
31849
31850
31854
31855
31856
31860
31861
31862
31890
31891
31892
31896
31897
31898
31899
31900
31901
31938
31939
31940
31944
31945
31946
31974
31975
31976
31980
31981
31982
31983
31984
31985
32010
32011
32012
32016
32017
32018
32061
32062
32063
32064
32065
32066
32094
32095
32096
32100
32101
32102
32106
32107
32108
32136
32137
32138
32139
32140
32141
32142
32143
32144
32172
32173
32174
32178
32179
32180
32184
32185
32186
32214
32215
32216
32217
32218
32219
32220
32221
32222
32262
32263
32264
32298
32299
32300
32307
32308
32309
32340
32341
32342
32346
32347
32348
32349
32350
32351
32376
32377
32378
32388
32389
32390
32439
32440
32441
32466
32467
32468
32469
32470
32471
32472
32473
32474
32499
32500
32501
32502
32503
32504
32505
32506
32507
32532
32533
32534
32538
32539
32540
32541
32542
32543
32574
32575
32576
32580
32581
32582
32610
32611
32612
32619
32620
32621
32658
32659
32660
32664
32665
32666
32694
32695
32696
32697
32698
32699
32700
32701
32702
32730
32731
32732
32745
32746
32747
32778
32779
32780
32784
32785
32786
32820
32821
32822
32826
32827
32828
32856
32857
32858
32862
32863
32864
32865
32866
32867
32898
32899
32900
32904
32905
32906
32907
32908
32909
32940
32941
32942
32943
32944
32945
32946
32947
32948
32976
32977
32978
32988
32989
32990
33024
33025
33026
33027
33028
33029
33030
33031
33032
33072
33073
33074
33108
33109
33110
33114
33115
33116
33117
33118
33119
33147
33148
33149
33150
33151
33152
33153
33154
33155
33180
33181
33182
33186
33187
33188
33195
33196
33197
33222
33223
33224
33228
33229
33230
33231
33232
33233
33270
33271
33272
33276
33277
33278
33312
33313
33314
33318
33319
33320
33321
33322
33323
33366
33367
33368
33402
33403
33404
33405
33406
33407
33408
33409
33410
33436
33437
33445
33446
33447
33448
33449
33477
33478
33479
33484
33485
33496
33497
33522
33523
33524
33531
33532
33533
33564
33565
33566
33579
33580
33581
33609
33610
33611
33615
33616
33617
33642
33643
33644
33648
33649
33650
33651
33652
33653
33690
33691
33692
33696
33697
33698
33726
33727
33728
33732
33733
33734
33738
33739
33740
33768
33769
33770
33771
33772
33773
33774
33775
33776
33780
33781
33782
33810
33811
33812
33816
33817
33818
33819
33820
33821
33846
33847
33848
33852
33853
33854
33858
33859
33860
33894
33895
33896
33900
33901
33902
33906
33907
33908
33936
33937
33938
33948
33949
33950
33990
33991
33992
33996
33997
33998
34032
34033
34034
34035
34036
34037
34041
34042
34043
34068
34069
34070
34071
34072
34073
34077
34078
34079
34104
34105
34106
34113
34114
34115
34146
34147
34148
34158
34159
34160
34194
34195
34196
34197
34198
34199
34200
34201
34202
34236
34237
34238
34239
34240
34241
34278
34279
34280
34284
34285
34286
34359
34360
34361
34362
34363
34364
34365
34366
34367
34389
34390
34391
34398
34399
34400
34401
34402
34403
34440
34441
34442
34446
34447
34448
34482
34483
34484
34488
34489
34490
34518
34519
34520
34524
34525
34526
34530
34531
34532
34566
34567
34568
34572
34573
34574
34578
34579
34580
34608
34609
34610
34611
34612
34613
34617
34618
34619
34645
34646
34654
34655
34693
34694
34698
34699
34700
34708
34709
34735
34736
34737
34738
34739
34741
34742
34767
34768
34769
34770
34771
34772
34774
34775
34777
34778
34803
34804
34805
34806
34807
34808
34813
34814
34816
34817
34842
34843
34844
34848
34849
34850
34890
34891
34892
34896
34897
34898
34902
34903
34904
34932
34933
34934
34947
34948
34949
34980
34981
34982
34983
34984
34985
35010
35011
35012
35013
35014
35015
35016
35017
35018
35049
35050
35051
35052
35053
35054
35058
35059
35060
35094
35095
35096
35100
35101
35102
35106
35107
35108
35139
35140
35141
35145
35146
35147
35172
35173
35174
35181
35182
35183
35226
35227
35228
35262
35263
35264
35265
35266
35267
35295
35296
35297
35298
35299
35300
35301
35302
35303
35328
35329
35330
35334
35335
35336
35340
35341
35342
35376
35377
35378
35382
35383
35384
35385
35386
35387
35418
35419
35420
35424
35425
35426
35433
35434
35435
35460
35461
35462
35469
35470
35471
35502
35503
35504
35508
35509
35510
35517
35518
35519
35544
35545
35546
35550
35551
35552
35556
35557
35558
35586
35587
35588
35592
35593
35594
35598
35599
35600
35634
35635
35636
35640
35641
35642
35646
35647
35648
35676
35677
35678
35691
35692
35693
35718
35719
35720
35733
35734
35735
35766
35767
35768
35808
35809
35810
35814
35815
35816
35823
35824
35825
35850
35851
35852
35856
35857
35858
35898
35899
35900
35904
35905
35906
35907
35908
35909
35934
35935
35936
35946
35947
35948
35976
35977
35978
35991
35992
35993
36018
36019
36020
36024
36025
36026
36027
36028
36029
36054
36055
36056
36066
36067
36068
36114
36115
36116
36150
36151
36152
36159
36160
36161
36195
36196
36197
36198
36199
36200
36231
36232
36233
36237
36238
36239
36273
36274
36275
36276
36277
36278
36279
36280
36281
36315
36316
36317
36348
36349
36350
36351
36352
36353
36357
36358
36359
36384
36385
36386
36387
36388
36389
36390
36391
36392
36420
36421
36422
36471
36472
36473
36474
36475
36476
36510
36511
36512
36513
36514
36515
36540
36541
36542
36546
36547
36548
36549
36550
36551
36582
36583
36584
36588
36589
36590
36621
36622
36623
36624
36625
36626
36669
36670
36671
36696
36697
36698
36702
36703
36704
36705
36706
36707
36738
36739
36740
36744
36745
36746
36747
36748
36749
36780
36781
36782
36783
36784
36785
36789
36790
36791
36822
36823
36824
36828
36829
36830
36864
36865
36866
36876
36877
36878
36906
36907
36908
36912
36913
36914
36915
36916
36917
36942
36943
36944
36948
36949
36950
36993
36994
36995
36999
37000
37001
37038
37039
37040
37044
37045
37046
37074
37075
37076
37077
37078
37079
37083
37084
37085
37116
37117
37118
37119
37120
37121
37146
37147
37148
37152
37153
37154
37158
37159
37160
37194
37195
37196
37200
37201
37202
37203
37204
37205
37236
37237
37238
37242
37243
37244
37245
37246
37247
37278
37279
37280
37293
37294
37295
37320
37321
37322
37323
37324
37325
37326
37327
37328
37356
37357
37358
37362
37363
37364
37368
37369
37370
37404
37405
37406
37410
37411
37412
37416
37417
37418
37452
37453
37454
37494
37495
37496
37500
37501
37502
37509
37510
37511
37545
37546
37547
37578
37579
37580
37587
37588
37589
37620
37621
37622
37626
37627
37628
37635
37636
37637
37662
37663
37664
37665
37666
37667
37668
37669
37670
37698
37699
37700
37704
37705
37706
37710
37711
37712
37752
37753
37754
37761
37762
37763
37788
37789
37790
37794
37795
37796
37797
37798
37799
37824
37825
37826
37830
37831
37832
37836
37837
37838
37872
37873
37874
37878
37879
37880
37881
37882
37883
37917
37918
37919
37962
37963
37964
37968
37969
37970
37974
37975
37976
38010
38011
38012
38022
38023
38024
38052
38053
38054
38058
38059
38060
38067
38068
38069
38094
38095
38096
38106
38107
38108
38142
38143
38144
38148
38149
38150
38151
38152
38153
38184
38185
38186
38232
38233
38234
38235
38236
38237
38262
38263
38264
38265
38266
38267
38271
38272
38273
38298
38299
38300
38307
38308
38309
38310
38311
38312
38346
38347
38348
38352
38353
38354
38355
38356
38357
38382
38383
38384
38397
38398
38399
38424
38425
38426
38439
38440
38441
38466
38467
38468
38472
38473
38474
38478
38479
38480
38520
38521
38522
38550
38551
38552
38556
38557
38558
38562
38563
38564
38598
38599
38600
38604
38605
38606
38610
38611
38612
38640
38641
38642
38652
38653
38654
38682
38683
38684
38688
38689
38690
38697
38698
38699
38730
38731
38732
38736
38737
38738
38772
38773
38774
38778
38779
38780
38781
38782
38783
38814
38815
38816
38823
38824
38825
38856
38857
38858
38862
38863
38864
38865
38866
38867
38892
38893
38894
38898
38899
38900
38901
38902
38903
38928
38929
38930
38934
38935
38936
38940
38941
38942
38976
38977
38978
38982
38983
38984
38988
38989
38990
39018
39019
39020
39024
39025
39026
39030
39031
39032
39069
39070
39071
39072
39073
39074
39114
39115
39116
39120
39121
39122
39162
39163
39164
39165
39166
39167
39168
39169
39170
39198
39199
39200
39204
39205
39206
39210
39211
39212
39246
39247
39248
39249
39250
39251
39288
39289
39290
39294
39295
39296
39336
39337
39338
39369
39370
39371
39372
39373
39374
39378
39379
39380
39381
39382
39383
39417
39418
39419
39423
39424
39425
39450
39451
39452
39453
39454
39455
39456
39457
39458
39483
39484
39485
39486
39487
39488
39537
39538
39539
39540
39541
39542
39546
39547
39548
39582
39583
39584
39597
39598
39599
39624
39625
39626
39627
39628
39629
39633
39634
39635
39660
39661
39662
39669
39670
39671
39708
39709
39710
39711
39712
39713
39714
39715
39716
39741
39742
39743
39744
39745
39746
39747
39748
39749
39774
39775
39776
39780
39781
39782
39822
39823
39824
39825
39826
39827
39828
39829
39830
39858
39859
39860
39864
39865
39866
39867
39868
39869
39903
39904
39905
39906
39907
39908
39936
39937
39938
39939
39940
39941
39945
39946
39947
39972
39973
39974
39984
39985
39986
40020
40021
40022
40026
40027
40028
40029
40030
40031
40062
40063
40064
40068
40069
40070
40071
40072
40073
40110
40111
40112
40116
40117
40118
40158
40159
40160
40200
40201
40202
40227
40228
40229
40230
40231
40232
40233
40234
40235
40260
40261
40262
40275
40276
40277
40308
40309
40310
40311
40312
40313
40344
40345
40346
40350
40351
40352
40392
40393
40394
40395
40396
40397
40422
40423
40424
40428
40429
40430
40431
40432
40433
40464
40465
40466
40470
40471
40472
40476
40477
40478
40512
40513
40514
40518
40519
40520
40524
40525
40526
40554
40555
40556
40560
40561
40562
40566
40567
40568
40602
40603
40604
40608
40609
40610
40611
40612
40613
40644
40645
40646
40653
40654
40655
40686
40687
40688
40689
40690
40691
40692
40693
40694
40722
40723
40724
40728
40729
40730
40734
40735
40736
40770
40771
40772
40779
40780
40781
40782
40783
40784
40818
40819
40820
40821
40822
40823
40824
40825
40826
40854
40855
40856
40860
40861
40862
40866
40867
40868
40902
40903
40904
40908
40909
40910
40914
40915
40916
40944
40945
40946
40950
40951
40952
40959
40960
40961
40998
40999
41000
41034
41035
41036
41040
41041
41042
41070
41071
41072
41085
41086
41087
41118
41119
41120
41121
41122
41123
41148
41149
41150
41154
41155
41156
41160
41161
41162
41196
41197
41198
41202
41203
41204
41211
41212
41213
41238
41239
41240
41244
41245
41246
41250
41251
41252
41292
41293
41294
41322
41323
41324
41328
41329
41330
41331
41332
41333
41361
41362
41363
41364
41365
41366
41397
41398
41399
41400
41401
41402
41430
41431
41432
41436
41437
41438
41442
41443
41444
41484
41485
41486
41514
41515
41516
41520
41521
41522
41562
41563
41564
41568
41569
41570
41577
41578
41579
41604
41605
41606
41610
41611
41612
41613
41614
41615
41640
41641
41642
41688
41689
41690
41691
41692
41693
41697
41698
41699
41724
41725
41726
41733
41734
41735
41766
41767
41768
41772
41773
41774
41775
41776
41777
41802
41803
41804
41808
41809
41810
41814
41815
41816
41844
41845
41846
41847
41848
41849
41853
41854
41855
41880
41881
41882
41886
41887
41888
41889
41890
41891
41928
41929
41930
41958
41959
41960
41964
41965
41966
41973
41974
41975
42012
42013
42014
42048
42049
42050
42051
42052
42053
42084
42085
42086
42135
42136
42137
42165
42166
42167
42174
42175
42176
42177
42178
42179
42204
42205
42206
42213
42214
42215
42246
42247
42248
42261
42262
42263
42285
42286
42287
42288
42289
42290
42294
42295
42296
42336
42337
42338
42339
42340
42341
42342
42343
42344
42372
42373
42374
42381
42382
42383
42417
42418
42419
42426
42427
42428
42468
42469
42470
42471
42472
42473
42495
42496
42497
42498
42499
42500
42504
42505
42506
42507
42508
42509
42534
42535
42536
42543
42544
42545
42588
42589
42590
42630
42631
42632
42636
42637
42638
42666
42667
42668
42681
42682
42683
42714
42715
42716
42720
42721
42722
42750
42751
42752
42756
42757
42758
42759
42760
42761
42792
42793
42794
42798
42799
42800
42801
42802
42803
42831
42832
42833
42837
42838
42839
42873
42874
42875
42876
42877
42878
42906
42907
42908
42915
42916
42917
42951
42952
42953
42957
42958
42959
42984
42985
42986
42993
42994
42995
43029
43030
43031
43032
43033
43034
43074
43075
43076
43077
43078
43079
43083
43084
43085
43110
43111
43112
43119
43120
43121
43152
43153
43154
43158
43159
43160
43164
43165
43166
43194
43195
43196
43200
43201
43202
43203
43204
43205
43248
43249
43250
43284
43285
43286
43290
43291
43292
43296
43297
43298
43326
43327
43328
43329
43330
43331
43332
43333
43334
43362
43363
43364
43377
43378
43379
43410
43411
43412
43413
43414
43415
43446
43447
43448
43449
43450
43451
43476
43477
43478
43482
43483
43484
43488
43489
43490
43518
43519
43520
43530
43531
43532
43560
43561
43562
43575
43576
43577
43602
43603
43604
43605
43606
43607
43611
43612
43613
43638
43639
43640
43644
43645
43646
43653
43654
43655
43680
43681
43682
43683
43684
43685
43686
43687
43688
43716
43717
43718
43761
43762
43763
43764
43765
43766
43767
43768
43769
43797
43798
43799
43800
43801
43802
43854
43855
43856
43884
43885
43886
43887
43888
43889
43893
43894
43895
43920
43921
43922
43932
43933
43934
43965
43966
43967
43968
43969
43970
43995
43996
43997
43998
43999
44000
44001
44002
44003
44034
44035
44036
44040
44041
44042
44082
44083
44084
44088
44089
44090
44116
44117
44125
44126
44163
44164
44165
44166
44167
44168
44169
44170
44171
44193
44194
44195
44200
44201
44206
44207
44241
44242
44243
44247
44248
44249
44274
44275
44276
44280
44281
44282
44286
44287
44288
44322
44323
44324
44328
44329
44330
44331
44332
44333
44364
44365
44366
44370
44371
44372
44376
44377
44378
44406
44407
44408
44412
44413
44414
44418
44419
44420
44448
44449
44450
44451
44452
44453
44454
44455
44456
44484
44485
44486
44490
44491
44492
44496
44497
44498
44538
44539
44540
44541
44542
44543
44574
44575
44576
44580
44581
44582
44589
44590
44591
44616
44617
44618
44622
44623
44624
44625
44626
44627
44655
44656
44657
44658
44659
44660
44667
44668
44669
44700
44701
44702
44706
44707
44708
44709
44710
44711
44736
44737
44738
44742
44743
44744
44748
44749
44750
44790
44791
44792
44793
44794
44795
44826
44827
44828
44832
44833
44834
44838
44839
44840
44868
44869
44870
44877
44878
44879
44910
44911
44912
44916
44917
44918
44919
44920
44921
44946
44947
44948
44952
44953
44954
44955
44956
44957
44988
44989
44990
45036
45037
45038
45042
45043
45044
45045
45046
45047
45078
45079
45080
45084
45085
45086
45087
45088
45089
45117
45118
45119
45120
45121
45122
45150
45151
45152
45156
45157
45158
45159
45160
45161
45186
45187
45188
45198
45199
45200
45234
45235
45236
45237
45238
45239
45240
45241
45242
45270
45271
45272
45273
45274
45275
45276
45277
45278
45306
45307
45308
45312
45313
45314
45321
45322
45323
45348
45349
45350
45354
45355
45356
45363
45364
45365
45390
45391
45392
45393
45394
45395
45399
45400
45401
45426
45427
45428
45441
45442
45443
45468
45469
45470
45477
45478
45479
45507
45508
45509
45522
45523
45524
45549
45550
45551
45552
45553
45554
45555
45556
45557
45582
45583
45584
45597
45598
45599
45621
45622
45623
45624
45625
45626
45669
45670
45671
45672
45673
45674
45675
45676
45677
45702
45703
45704
45711
45712
45713
45744
45745
45746
45747
45748
45749
45750
45751
45752
45777
45778
45779
45786
45787
45788
45795
45796
45797
45823
45824
45825
45826
45827
45829
45830
45858
45859
45860
45864
45865
45866
45873
45874
45875
45900
45901
45902
45912
45913
45914
45948
45949
45950
45954
45955
45956
45957
45958
45959
45996
45997
45998
45999
46000
46001
46026
46027
46028
46032
46033
46034
46035
46036
46037
46065
46066
46067
46068
46069
46070
46074
46075
46076
46110
46111
46112
46113
46114
46115
46116
46117
46118
46161
46162
46163
46185
46186
46187
46188
46189
46190
46191
46192
46193
46218
46219
46220
46224
46225
46226
46230
46231
46232
46263
46264
46265
46266
46267
46268
46278
46279
46280
46308
46309
46310
46314
46315
46316
46317
46318
46319
46365
46366
46367
46407
46408
46409
46431
46432
46433
46434
46435
46436
46437
46438
46439
46464
46465
46466
46470
46471
46472
46509
46510
46511
46524
46525
46526
46551
46552
46553
46554
46555
46556
46557
46558
46559
46584
46585
46586
46590
46591
46592
46593
46594
46595
46626
46627
46628
46632
46633
46634
46638
46639
46640
46668
46669
46670
46671
46672
46673
46674
46675
46676
46704
46705
46706
46719
46720
46721
46746
46747
46748
46749
46750
46751
46752
46753
46754
46785
46786
46787
46791
46792
46793
46824
46825
46826
46869
46870
46871
46872
46873
46874
46908
46909
46910
46917
46918
46919
46941
46942
46943
46944
46945
46946
46947
46948
46949
46977
46978
46979
46983
46984
46985
47010
47011
47012
47016
47017
47018
47019
47020
47021
47052
47053
47054
47058
47059
47060
47061
47062
47063
47097
47098
47099
47100
47101
47102
47130
47131
47132
47133
47134
47135
47139
47140
47141
47163
47164
47172
47173
47214
47215
47220
47221
47222
47223
47224
47262
47263
47264
47268
47269
47270
47298
47299
47300
47304
47305
47306
47307
47308
47309
47355
47356
47357
47385
47386
47387
47388
47389
47390
47421
47422
47423
47424
47425
47426
47454
47455
47456
47460
47461
47462
47469
47470
47471
47496
47497
47498
47499
47500
47501
47505
47506
47507
47535
47536
47544
47545
47580
47581
47586
47587
47588
47589
47590
47628
47629
47630
47631
47632
47633
47655
47656
47657
47658
47659
47660
47661
47662
47663
47688
47689
47690
47694
47695
47696
47697
47698
47699
47730
47731
47732
47739
47740
47741
47784
47785
47786
47817
47818
47819
47820
47821
47822
47865
47866
47867
47898
47899
47900
47901
47902
47903
47934
47935
47936
47937
47938
47939
47970
47971
47972
47976
47977
47978
48006
48007
48008
48018
48019
48020
48054
48055
48056
48060
48061
48062
48066
48067
48068
48096
48097
48098
48102
48103
48104
48108
48109
48110
48138
48139
48140
48141
48142
48143
48144
48145
48146
48174
48175
48176
48180
48181
48182
48186
48187
48188
48222
48223
48224
48228
48229
48230
48258
48259
48260
48264
48265
48266
48267
48268
48269
48294
48295
48296
48306
48307
48308
48342
48343
48344
48348
48349
48350
48351
48352
48353
48384
48385
48386
48387
48388
48389
48390
48391
48392
48420
48421
48422
48423
48424
48425
48426
48427
48428
48456
48457
48458
48462
48463
48464
48465
48466
48467
48492
48493
48494
48498
48499
48500
48501
48502
48503
48534
48535
48536
48543
48544
48545
48576
48577
48578
48627
48628
48629
48633
48634
48635
48660
48661
48662
48663
48664
48665
48666
48667
48668
48693
48694
48695
48696
48697
48698
48699
48700
48701
48726
48727
48728
48732
48733
48734
48741
48742
48743
48768
48769
48770
48774
48775
48776
48777
48778
48779
48804
48805
48806
48813
48814
48815
48846
48847
48848
48852
48853
48854
48858
48859
48860
48888
48889
48890
48900
48901
48902
48927
48928
48929
48930
48931
48932
48933
48934
48935
48960
48961
48962
48966
48967
48968
49008
49009
49010
49014
49015
49016
49017
49018
49019
49050
49051
49052
49053
49054
49055
49083
49084
49085
49086
49087
49088
49092
49093
49094
49095
49096
49097
49122
49123
49124
49128
49129
49130
49137
49138
49139
49164
49165
49166
49167
49168
49169
49173
49174
49175
49200
49201
49202
49215
49216
49217
49242
49243
49244
49245
49246
49247
49251
49252
49253
49278
49279
49280
49326
49327
49328
49341
49342
49343
49365
49367
49374
49376
49377
49378
49379
49407
49408
49409
49413
49415
49419
49421
49458
49459
49460
49464
49465
49466
49497
49498
49499
49503
49504
49505
49530
49531
49532
49545
49546
49547
49572
49573
49574
49578
49579
49580
49584
49585
49586
49620
49621
49622
49662
49663
49664
49671
49672
49673
49704
49705
49706
49707
49708
49709
49710
49711
49712
49740
49741
49742
49755
49756
49757
49788
49789
49790
49830
49831
49832
49833
49834
49835
49839
49840
49841
49863
49864
49865
49866
49867
49868
49869
49870
49871
49899
49900
49901
49947
49948
49949
49956
49957
49958
49986
49987
49988
49989
49990
49991
49995
49996
49997
50019
50020
50021
50022
50023
50024
50025
50026
50027
50052
50053
50054
50058
50059
50060
50064
50065
50066
50100
50101
50102
50106
50107
50108
50142
50143
50144
50145
50146
50147
50175
50176
50177
50184
50185
50186
50215
50216
50218
50219
50223
50224
50225
50256
50257
50258
50262
50263
50264
50293
50294
50295
50296
50297
50299
50300
50331
50332
50333
50334
50335
50336
50364
50365
50366
50370
50371
50372
50373
50374
50375
50400
50401
50402
50406
50407
50408
50409
50410
50411
50448
50449
50450
50454
50455
50456
50490
50491
50492
50493
50494
50495
50496
50497
50498
50541
50542
50543
50568
50569
50570
50580
50581
50582
50616
50617
50618
50622
50623
50624
50628
50629
50630
50658
50659
50660
50661
50662
50663
50664
50665
50666
50694
50695
50696
50697
50698
50699
50700
50701
50702
50730
50731
50732
50739
50740
50741
50787
50788
50789
50817
50818
50819
50823
50824
50825
50847
50848
50849
50850
50851
50852
50854
50855
50860
50861
50886
50887
50888
50940
50941
50942
50943
50944
50945
50982
50983
50984
50988
50989
50990
51021
51022
51023
51024
51025
51026
51051
51052
51053
51054
51055
51056
51057
51058
51059
51084
51085
51086
51090
51091
51092
51099
51100
51101
51129
51130
51131
51132
51133
51134
51141
51142
51143
51168
51169
51170
51180
51181
51182
51216
51217
51218
51231
51232
51233
51303
51304
51305
51306
51307
51308
51309
51310
51311
51336
51337
51338
51342
51343
51344
51345
51346
51347
51378
51379
51380
51381
51382
51383
51408
51409
51410
51420
51421
51422
51456
51457
51458
51462
51463
51464
51468
51469
51470
51499
51500
51508
51509
51544
51545
51550
51551
51552
51553
51554
51582
51583
51584
51588
51589
51590
51591
51592
51593
51616
51617
51625
51626
51633
51634
51635
51658
51659
51663
51664
51665
51673
51674
51699
51700
51701
51702
51703
51704
51709
51710
51712
51713
51739
51740
51742
51743
51747
51748
51749
51772
51773
51775
51776
51777
51778
51779
51810
51811
51812
51816
51817
51818
51846
51847
51848
51855
51856
51857
51891
51892
51893
51894
51895
51896
51930
51931
51932
51936
51937
51938
51972
51973
51974
51978
51979
51980
52020
52021
52022
52026
52027
52028
52056
52057
52058
52062
52063
52064
52065
52066
52067
52098
52099
52100
52110
52111
52112
52146
52147
52148
52152
52153
52154
52155
52156
52157
52182
52183
52184
52185
52186
52187
52191
52192
52193
52221
52222
52223
52224
52225
52226
52230
52231
52232
52266
52267
52268
52272
52273
52274
52275
52276
52277
52308
52309
52310
52311
52312
52313
52341
52342
52343
52344
52345
52346
52347
52348
52349
52380
52381
52382
52386
52387
52388
52422
52423
52424
52428
52429
52430
52431
52432
52433
52458
52459
52460
52461
52462
52463
52467
52468
52469
52500
52501
52502
52506
52507
52508
52542
52543
52544
52554
52555
52556
52584
52585
52586
52599
52600
52601
52641
52642
52643
52671
52672
52673
52674
52675
52676
52710
52711
52712
52716
52717
52718
52752
52753
52754
52767
52768
52769
52797
52798
52799
52800
52801
52802
52809
52810
52811
52836
52837
52838
52851
52852
52853
52878
52879
52880
52884
52885
52886
52887
52888
52889
52914
52915
52916
52920
52921
52922
52965
52966
52967
52968
52969
52970
52977
52978
52979
53001
53002
53003
53013
53014
53015
53058
53059
53060
53064
53065
53066
53091
53092
53093
53094
53095
53096
53097
53098
53099
53127
53128
53129
53130
53131
53132
53160
53161
53162
53163
53164
53165
53166
53167
53168
53196
53197
53198
53202
53203
53204
53211
53212
53213
53238
53239
53240
53244
53245
53246
53250
53251
53252
53277
53278
53279
53286
53287
53288
53325
53326
53327
53328
53329
53330
53331
53332
53333
53334
53335
53336
53364
53365
53366
53373
53374
53375
53403
53405
53412
53414
53451
53452
53453
53454
53456
53457
53459
53484
53485
53486
53490
53491
53492
53535
53536
53537
53538
53539
53540
53547
53548
53549
53574
53575
53576
53577
53578
53579
53583
53584
53585
53607
53608
53609
53610
53611
53612
53613
53614
53615
53640
53642
53646
53647
53648
53649
53651
53679
53680
53681
53682
53683
53684
53688
53690
53691
53693
53718
53719
53720
53724
53725
53726
53733
53734
53735
53760
53761
53762
53772
53773
53774
53808
53809
53810
53817
53818
53819
53850
53851
53852
53856
53857
53858
53886
53887
53888
53892
53893
53894
53895
53896
53897
53928
53929
53930
53934
53935
53936
53940
53941
53942
53973
53974
53975
53979
53980
53981
54012
54013
54014
54018
54019
54020
54048
54049
54050
54051
54052
54053
54054
54055
54056
54084
54085
54086
54090
54091
54092
54096
54097
54098
54132
54133
54134
54138
54139
54140
54144
54145
54146
54180
54181
54182
54183
54184
54185
54213
54214
54215
54222
54223
54224
54267
54268
54269
54270
54271
54272
54300
54301
54302
54303
54304
54305
54306
54307
54308
54333
54334
54335
54336
54337
54338
54339
54340
54341
54366
54367
54368
54372
54373
54374
54378
54379
54380
54408
54409
54410
54420
54421
54422
54462
54463
54464
54468
54469
54470
54498
54499
54500
54501
54502
54503
54504
54505
54506
54534
54535
54536
54540
54541
54542
54543
54544
54545
54576
54577
54578
54591
54592
54593
54618
54619
54620
54624
54625
54626
54627
54628
54629
54654
54655
54656
54660
54661
54662
54663
54664
54665
54696
54697
54698
54702
54703
54704
54711
54712
54713
54744
54745
54746
54750
54751
54752
54786
54787
54788
54789
54790
54791
54792
54793
54794
54822
54823
54824
54834
54835
54836
54876
54877
54878
54903
54904
54905
54906
54907
54908
54909
54910
54911
54933
54934
54935
54936
54937
54938
54984
54985
54986
54990
54991
54992
54993
54994
54995
55068
55069
55070
55074
55075
55076
55077
55078
55079
55107
55108
55109
55125
55126
55127
55152
55153
55154
55155
55156
55157
55158
55159
55160
55188
55189
55190
55203
55204
55205
55239
55240
55241
55272
55273
55274
55278
55279
55280
55284
55285
55286
55314
55315
55316
55320
55321
55322
55329
55330
55331
55359
55360
55361
55362
55363
55364
55404
55405
55406
55416
55417
55418
55452
55453
55454
55467
55468
55469
55494
55495
55496
55500
55501
55502
55509
55510
55511
55536
55537
55538
55551
55552
55553
55584
55585
55586
55587
55588
55589
55620
55621
55622
55671
55672
55673
55674
55675
55676
55707
55708
55709
55710
55711
55712
55740
55741
55742
55785
55786
55787
55788
55789
55790
55794
55795
55796
55803
55804
55805
55875
55876
55877
55878
55879
55880
55881
55882
55883
55908
55909
55910
55911
55912
55913
55914
55915
55916
55944
55945
55946
55950
55951
55952
55953
55954
55955
55989
55990
55991
55995
55996
55997
56025
56026
56027
56031
56032
56033
56061
56062
56063
56064
56065
56066
56106
56107
56108
56136
56137
56138
56142
56143
56144
56145
56146
56147
56172
56173
56174
56181
56182
56183
56223
56224
56225
56256
56257
56258
56271
56272
56273
56298
56299
56300
56304
56305
56306
56307
56308
56309
56340
56341
56342
56346
56347
56348
56349
56350
56351
56382
56383
56384
56385
56386
56387
56391
56392
56393
56418
56419
56420
56433
56434
56435
56466
56467
56468
56469
56470
56471
56508
56509
56510
56514
56515
56516
56550
56551
56552
56553
56554
56555
56580
56581
56582
56586
56587
56588
56589
56590
56591
56616
56617
56618
56619
56620
56621
56625
56626
56627
56652
56653
56654
56658
56659
56660
56661
56662
56663
56694
56695
56696
56697
56698
56699
56703
56704
56705
56730
56731
56732
56736
56737
56738
56745
56746
56747
56778
56779
56780
56787
56788
56789
56811
56812
56813
56814
56815
56816
56817
56818
56819
56844
56845
56846
56847
56848
56849
56853
56854
56855
56886
56887
56888
56889
56890
56891
56919
56920
56921
56925
56926
56927
56961
56962
56963
56994
56995
56996
57006
57007
57008
57042
57043
57044
57048
57049
57050
57051
57052
57053
57078
57079
57080
57081
57082
57083
57084
57085
57086
57111
57112
57113
57117
57118
57123
57124
57153
57154
57156
57157
57158
57159
57160
57183
57184
57185
57186
57187
57188
57189
57190
57192
57193
57234
57235
57236
57270
57271
57272
57273
57274
57275
57276
57277
57278
57306
57307
57308
57309
57310
57311
57315
57316
57317
57342
57343
57344
57348
57349
57350
57354
57355
57356
57384
57385
57386
57387
57388
57389
57390
57391
57392
57420
57421
57422
57426
57427
57428
57432
57433
57434
57474
57475
57476
57477
57478
57479
57510
57511
57512
57516
57517
57518
57519
57520
57521
57552
57553
57554
57558
57559
57560
57561
57562
57563
57594
57595
57596
57600
57601
57602
57630
57631
57632
57645
57646
57647
57675
57676
57677
57681
57682
57683
57708
57709
57710
57714
57715
57716
57720
57721
57722
57750
57751
57752
57765
57766
57767
57804
57805
57806
57834
57835
57836
57843
57844
57845
57846
57847
57848
57882
57883
57884
57888
57889
57890
57891
57892
57893
57930
57931
57932
57963
57964
57965
57969
57970
57971
57993
57994
57995
57996
57997
57998
57999
58000
58001
58026
58027
58028
58032
58033
58034
58041
58042
58043
58068
58069
58070
58077
58078
58079
58110
58111
58112
58116
58117
58118
58125
58126
58127
58152
58153
58154
58155
58156
58157
58158
58159
58160
58194
58195
58196
58200
58201
58202
58233
58234
58235
58236
58237
58238
58266
58267
58268
58272
58273
58274
58278
58279
58280
58314
58315
58316
58326
58327
58328
58356
58357
58358
58365
58366
58367
58368
58369
58370
58404
58405
58406
58407
58408
58409
58410
58411
58412
58449
58450
58451
58479
58480
58481
58491
58492
58493
58521
58522
58523
58524
58525
58526
58527
58528
58529
58530
58531
58532
58560
58561
58562
58569
58570
58571
58572
58573
58574
58620
58621
58622
58650
58651
58652
58653
58654
58655
58659
58660
58661
58683
58684
58685
58686
58687
58688
58689
58690
58691
58716
58717
58718
58719
58720
58721
58722
58723
58724
58758
58759
58760
58764
58765
58766
58794
58795
58796
58800
58801
58802
58803
58804
58805
58842
58843
58844
58845
58846
58847
58875
58876
58877
58878
58879
58880
58881
58882
58883
58914
58915
58916
58920
58921
58922
58950
58951
58952
58962
58963
58964
58998
58999
59000
59004
59005
59006
59007
59008
59009
59034
59035
59036
59037
59038
59039
59040
59041
59042
59070
59071
59072
59079
59080
59081
59112
59113
59114
59115
59116
59117
59121
59122
59123
59148
59149
59150
59157
59158
59159
59190
59191
59192
59196
59197
59198
59205
59206
59207
59232
59233
59234
59235
59236
59237
59238
59239
59240
59268
59269
59270
59277
59278
59279
59310
59311
59312
59319
59320
59321
59352
59353
59354
59355
59356
59357
59361
59362
59363
59388
59389
59390
59394
59395
59396
59397
59398
59399
59424
59425
59426
59430
59431
59432
59475
59476
59477
59478
59479
59480
59508
59509
59510
59511
59512
59513
59514
59515
59516
59547
59548
59549
59553
59554
59555
59592
59593
59594
59625
59626
59627
59628
59629
59630
59631
59632
59633
59658
59659
59660
59664
59665
59666
59667
59668
59669
59694
59695
59696
59700
59701
59702
59742
59743
59744
59748
59749
59750
59757
59758
59759
59787
59788
59789
59793
59794
59795
59820
59821
59822
59823
59824
59825
59829
59830
59831
59856
59857
59858
59859
59860
59861
59862
59863
59864
59898
59899
59900
59904
59905
59906
59934
59935
59936
59937
59938
59939
59940
59941
59942
59976
59977
59978
59982
59983
59984
60015
60016
60017
60018
60019
60020
60054
60055
60056
60063
60064
60065
60093
60094
60095
60099
60100
60101
60126
60127
60128
60132
60133
60134
60138
60139
60140
60168
60169
60170
60174
60175
60176
60183
60184
60185
60210
60211
60212
60216
60217
60218
60219
60220
60221
60252
60253
60254
60255
60256
60257
60261
60262
60263
60288
60289
60290
60294
60295
60296
60297
60298
60299
60342
60343
60344
60372
60373
60374
60375
60376
60377
60378
60379
60380
60408
60409
60410
60423
60424
60425
60453
60454
60455
60456
60457
60458
60486
60487
60488
60492
60493
60494
60498
60499
60500
60540
60541
60542
60567
60568
60569
60570
60571
60572
60573
60574
60575
60606
60607
60608
60612
60613
60614
60642
60643
60644
60645
60646
60647
60648
60649
60650
60684
60685
60686
60726
60727
60728
60735
60736
60737
60765
60766
60767
60768
60769
60770
60771
60772
60773
60801
60802
60803
60807
60808
60809
60834
60835
60836
60843
60844
60845
60876
60877
60878
60879
60880
60881
60885
60886
60887
60918
60919
60920
60924
60925
60926
60960
60961
60962
60966
60967
60968
60969
60970
60971
60996
60997
60998
61002
61003
61004
61005
61006
61007
61038
61039
61040
61041
61042
61043
61044
61045
61046
61074
61075
61076
61080
61081
61082
61086
61087
61088
61122
61123
61124
61128
61129
61130
61131
61132
61133
61164
61165
61166
61170
61171
61172
61179
61180
61181
61206
61207
61208
61212
61213
61214
61254
61255
61256
61257
61258
61259
61260
61261
61262
61290
61291
61292
61293
61294
61295
61296
61297
61298
61332
61333
61334
61338
61339
61340
61368
61369
61370
61374
61375
61376
61383
61384
61385
61410
61411
61412
61416
61417
61418
61419
61420
61421
61452
61453
61454
61458
61459
61460
61488
61489
61490
61494
61495
61496
61497
61498
61499
61536
61537
61538
61542
61543
61544
61572
61573
61574
61575
61576
61577
61581
61582
61583
61608
61609
61610
61614
61615
61616
61620
61621
61622
61656
61657
61658
61659
61660
61661
61686
61687
61688
61695
61696
61697
61698
61699
61700
61734
61735
61736
61749
61750
61751
61776
61777
61778
61782
61783
61784
61791
61792
61793
61818
61819
61820
61824
61825
61826
61833
61834
61835
61860
61861
61862
61866
61867
61868
61875
61876
61877
61902
61903
61904
61908
61909
61910
61911
61912
61913
61938
61939
61940
61944
61945
61946
61986
61987
61988
61989
61990
61991
61995
61996
61997
62022
62023
62024
62028
62029
62030
62034
62035
62036
62064
62065
62066
62076
62077
62078
62112
62113
62114
62115
62116
62117
62121
62122
62123
62148
62149
62150
62151
62152
62153
62157
62158
62159
62184
62185
62186
62193
62194
62195
62226
62227
62228
62229
62230
62231
62232
62233
62234
62262
62263
62264
62265
62266
62267
62271
62272
62273
62304
62305
62306
62310
62311
62312
62340
62341
62342
62355
62356
62357
62388
62389
62390
62391
62392
62393
62418
62419
62420
62430
62431
62432
62466
62467
62468
62469
62470
62471
62472
62473
62474
62502
62503
62504
62517
62518
62519
62544
62545
62546
62550
62551
62552
62553
62554
62555
62580
62581
62582
62586
62587
62588
62592
62593
62594
62622
62623
62624
62625
62626
62627
62628
62629
62630
62670
62671
62672
62715
62716
62717
62742
62743
62744
62748
62749
62750
62751
62752
62753
62778
62779
62780
62787
62788
62789
62823
62824
62825
62829
62830
62831
62871
62872
62873
62913
62914
62915
62940
62941
62942
62943
62944
62945
62949
62950
62951
62976
62977
62978
62982
62983
62984
62991
62992
62993
63018
63019
63020
63024
63025
63026
63033
63034
63035
63060
63061
63062
63063
63064
63065
63069
63070
63071
63105
63106
63107
63147
63148
63149
63177
63178
63179
63183
63184
63185
63189
63190
63191
63216
63217
63218
63222
63223
63224
63228
63229
63230
63258
63259
63260
63264
63265
63266
63267
63268
63269
63300
63301
63302
63303
63304
63305
63306
63307
63308
63336
63337
63338
63381
63382
63383
63384
63385
63386
63387
63388
63389
63414
63415
63416
63417
63418
63419
63420
63421
63422
63456
63457
63458
63462
63463
63464
63492
63493
63494
63495
63496
63497
63498
63499
63500
63525
63526
63527
63528
63529
63530
63531
63532
63533
63558
63559
63560
63573
63574
63575
63600
63601
63602
63606
63607
63608
63609
63610
63611
63642
63643
63644
63645
63646
63647
63651
63652
63653
63678
63679
63680
63690
63691
63692
63720
63721
63722
63735
63736
63737
63765
63766
63767
63768
63769
63770
63798
63799
63800
63804
63805
63806
63810
63811
63812
63852
63853
63854
63855
63856
63857
63894
63895
63896
63897
63898
63899
63933
63934
63935
63939
63940
63941
63972
63973
63974
63975
63976
63977
63999
64000
64001
64002
64003
64004
64005
64006
64007
64032
64033
64034
64038
64039
64040
64047
64048
64049
64074
64075
64076
64080
64081
64082
64083
64084
64085
64125
64126
64127
64158
64159
64160
64161
64162
64163
64191
64192
64193
64194
64195
64196
64224
64225
64227
64228
64236
64237
64238
64263
64264
64272
64273
64275
64276
64277
64302
64303
64304
64305
64306
64307
64311
64312
64313
64338
64339
64340
64344
64345
64346
64347
64348
64349
64380
64381
64382
64389
64390
64391
64422
64423
64424
64428
64429
64430
64434
64435
64436
64464
64465
64466
64476
64477
64478
64512
64513
64514
64515
64516
64517
64551
64552
64553
64584
64585
64586
64587
64588
64589
64590
64591
64592
64617
64618
64619
64629
64630
64631
64662
64663
64664
64665
64666
64667
64671
64672
64673
64698
64699
64700
64707
64708
64709
64740
64741
64742
64746
64747
64748
64755
64756
64757
64782
64783
64784
64788
64789
64790
64791
64792
64793
64821
64822
64823
64824
64825
64826
64866
64867
64868
64881
64882
64883
64908
64909
64910
64914
64915
64916
64917
64918
64919
64941
64942
64943
64944
64945
64946
64947
64948
64949
64974
64975
64976
64980
64981
64982
64989
64990
64991
65016
65017
65018
65022
65023
65024
65031
65032
65033
65058
65059
65060
65061
65062
65063
65064
65065
65066
65094
65095
65096
65100
65101
65102
65142
65143
65144
65157
65158
65159
65184
65185
65186
65190
65191
65192
65193
65194
65195
65229
65230
65231
65232
65233
65234
65262
65263
65264
65268
65269
65270
65310
65311
65312
65313
65314
65315
65316
65317
65318
65346
65347
65348
65355
65356
65357
65391
65392
65393
65403
65404
65405
65427
65428
65429
65430
65431
65432
65433
65434
65435
65460
65461
65462
65466
65467
65468
65472
65473
65474
65502
65503
65504
65517
65518
65519
65544
65545
65546
65553
65554
65555
65587
65588
65596
65597
65632
65633
65638
65639
65640
65641
65642
65670
65671
65672
65679
65680
65681
65712
65713
65714
65715
65716
65717
65718
65719
65720
65749
65750
65758
65759
65794
65795
65796
65797
65798
65800
65801
65826
65827
65828
65841
65842
65843
65868
65869
65870
65871
65872
65873
65874
65875
65876
65916
65917
65918
65955
65956
65957
65961
65962
65963
65991
65992
65993
65997
65998
65999
66021
66022
66023
66024
66025
66026
66030
66031
66032
66078
66079
66080
66081
66082
66083
66108
66109
66110
66111
66112
66113
66117
66118
66119
66144
66145
66146
66153
66154
66155
66186
66187
66188
66189
66190
66191
66192
66193
66194
66237
66238
66239
66267
66268
66269
66273
66274
66275
66300
66301
66302
66315
66316
66317
66342
66343
66344
66348
66349
66350
66354
66355
66356
66390
66391
66392
66399
66400
66401
66429
66430
66431
66435
66436
66437
66462
66463
66464
66477
66478
66479
66504
66505
66506
66519
66520
66521
66546
66547
66548
66549
66550
66551
66552
66553
66554
66588
66589
66590
66594
66595
66596
66624
66625
66626
66630
66631
66632
66633
66634
66635
66660
66661
66662
66666
66667
66668
66675
66676
66677
66714
66715
66716
66744
66745
66746
66750
66751
66752
66753
66754
66755
66786
66787
66788
66795
66796
66797
66828
66829
66830
66837
66838
66839
66870
66871
66872
66879
66880
66881
66912
66913
66914
66915
66916
66917
66921
66922
66923
66948
66949
66951
66952
66953
66954
66955
66984
66985
66986
66990
66991
66996
66997
67023
67024
67025
67026
67027
67028
67029
67030
67031
67056
67057
67058
67062
67063
67064
67065
67066
67067
67098
67099
67100
67101
67102
67103
67104
67105
67106
67131
67132
67133
67134
67135
67136
67138
67139
67144
67145
67170
67171
67172
67179
67180
67181
67212
67213
67214
67215
67216
67217
67218
67219
67220
67248
67249
67250
67251
67252
67253
67254
67255
67256
67284
67285
67286
67290
67291
67292
67293
67294
67295
67329
67330
67331
67332
67333
67334
67374
67375
67376
67377
67378
67379
67404
67405
67406
67410
67411
67412
67413
67414
67415
67437
67439
67446
67448
67449
67450
67451
67482
67484
67485
67486
67487
67488
67490
67518
67519
67520
67524
67525
67526
67566
67567
67568
67581
67582
67583
67614
67615
67616
67620
67621
67622
67650
67651
67652
67656
67657
67658
67659
67660
67661
67686
67687
67688
67692
67693
67694
67695
67696
67697
67728
67729
67730
67734
67735
67736
67743
67744
67745
67770
67771
67772
67815
67816
67817
67818
67819
67820
67821
67822
67823
67848
67849
67850
67854
67855
67856
67857
67858
67859
67881
67883
67890
67892
67893
67894
67895
67926
67927
67928
67929
67930
67931
67959
67961
67965
67966
67967
67971
67973
67998
67999
68000
68007
68008
68009
68046
68047
68048
68052
68053
68054
68082
68083
68084
68088
68089
68090
68091
68092
68093
68118
68119
68120
68133
68134
68135
68160
68161
68162
68166
68167
68168
68169
68170
68171
68202
68203
68204
68211
68212
68213
68244
68245
68246
68247
68248
68249
68253
68254
68255
68280
68281
68282
68295
68296
68297
68325
68326
68327
68328
68329
68330
68358
68359
68360
68373
68374
68375
68403
68404
68405
68409
68410
68411
68442
68443
68444
68445
68446
68447
68475
68476
68477
68478
68479
68480
68508
68509
68510
68514
68515
68516
68517
68518
68519
68544
68545
68546
68550
68551
68552
68553
68554
68555
68586
68587
68588
68589
68590
68591
68595
68596
68597
68622
68623
68624
68631
68632
68633
68667
68668
68669
68673
68674
68675
68706
68707
68708
68709
68710
68711
68739
68740
68741
68742
68743
68744
68745
68746
68747
68772
68773
68774
68775
68776
68777
68781
68782
68783
68808
68809
68810
68817
68818
68819
68868
68869
68870
68895
68896
68897
68898
68899
68900
68901
68902
68903
68931
68932
68933
68934
68935
68936
68964
68965
68966
68970
68971
68972
69012
69013
69014
69024
69025
69026
69057
69058
69059
69060
69061
69062
69087
69088
69089
69090
69091
69092
69093
69094
69095
69117
69118
69126
69127
69135
69136
69137
69162
69163
69168
69169
69170
69177
69178
69204
69205
69206
69213
69214
69215
69246
69247
69248
69249
69250
69251
69252
69253
69254
69282
69284
69288
69289
69290
69291
69293
69324
69325
69326
69330
69331
69332
69333
69334
69335
69357
69358
69359
69363
69364
69375
69376
69405
69406
69407
69411
69412
69413
69438
69439
69440
69453
69454
69455
69480
69481
69482
69483
69484
69485
69486
69487
69488
69522
69523
69524
69528
69529
69530
69564
69565
69566
69567
69568
69569
69573
69574
69575
69600
69601
69602
69603
69604
69605
69609
69610
69611
69642
69643
69644
69651
69652
69653
69678
69679
69680
69690
69691
69692
69726
69727
69728
69729
69730
69731
69753
69754
69762
69763
69801
69802
69803
69804
69805
69806
69807
69808
69810
69811
69837
69838
69839
69840
69841
69842
69846
69847
69849
69850
69876
69877
69878
69891
69892
69893
69918
69919
69920
69921
69922
69923
69924
69925
69926
69951
69952
69953
69960
69961
69962
70002
70003
70004
70005
70006
70007
70011
70012
70013
70038
70039
70040
70041
70042
70043
70047
70048
70049
70074
70075
70076
70080
70081
70082
70122
70123
70124
70128
70129
70130
70131
70132
70133
70164
70165
70166
70167
70168
70169
70173
70174
70175
70203
70204
70205
70206
70207
70208
70236
70237
70238
70245
70246
70247
70281
70282
70283
70287
70288
70289
70311
70312
70313
70317
70318
70323
70324
70353
70354
70355
70356
70357
70358
70359
70360
70361
70386
70387
70388
70392
70393
70394
70398
70399
70400
70434
70435
70436
70440
70441
70442
70449
70450
70451
70482
70483
70484
70485
70486
70487
70527
70528
70529
70566
70567
70568
70569
70570
70571
70575
70576
70577
70599
70600
70601
70602
70603
70604
70605
70606
70607
70632
70633
70634
70683
70684
70685
70686
70687
70688
70716
70717
70718
70719
70720
70721
70722
70723
70724
70764
70765
70766
70797
70798
70799
70800
70801
70802
70803
70804
70805
70809
70810
70811
70836
70837
70838
70839
70840
70841
70845
70846
70847
70872
70873
70874
70878
70879
70880
70887
70888
70889
70914
70915
70916
70917
70918
70919
70923
70924
70925
70953
70954
70955
70959
70960
70961
70986
70987
70988
70995
70996
70997
71031
71032
71033
71034
71035
71036
71064
71066
71070
71071
71072
71073
71075
71106
71108
71112
71113
71114
71115
71117
71145
71146
71147
71148
71150
71151
71153
71178
71179
71180
71193
71194
71195
71232
71233
71234
71265
71266
71267
71271
71272
71273
71298
71299
71300
71301
71302
71303
71307
71308
71309
71340
71341
71342
71379
71380
71381
71382
71383
71384
71385
71386
71387
71412
71413
71414
71415
71416
71417
71418
71419
71420
71457
71458
71459
71502
71503
71504
71538
71539
71540
71541
71542
71543
71568
71569
71570
71574
71575
71576
71583
71584
71585
71610
71611
71612
71616
71617
71618
71625
71626
71627
71652
71653
71654
71658
71659
71660
71667
71668
71669
71700
71701
71702
71703
71704
71705
71733
71734
71735
71736
71737
71738
71739
71740
71741
71766
71767
71768
71772
71773
71774
71781
71782
71783
71808
71809
71810
71814
71815
71816
71820
71821
71822
71850
71851
71852
71853
71854
71855
71859
71860
71861
71883
71884
71885
71937
71938
71939
71943
71944
71945
71970
71971
71972
71979
71980
71981
72012
72013
72014
72021
72022
72023
72024
72025
72026
72060
72061
72062
72063
72064
72065
72069
72070
72071
72096
72097
72098
72105
72106
72107
72138
72139
72140
72141
72142
72143
72144
72145
72146
72174
72175
72176
72183
72184
72185
72216
72217
72218
72219
72220
72221
72222
72223
72224
72252
72253
72254
72261
72262
72263
72300
72301
72302
72306
72307
72308
72351
72352
72353
72381
72382
72383
72384
72385
72386
72429
72430
72431
72456
72457
72458
72459
72460
72461
72465
72466
72467
72492
72493
72494
72498
72499
72500
72507
72508
72509
72540
72541
72542
72546
72547
72548
72576
72577
72578
72579
72580
72581
72585
72586
72587
72624
72625
72626
72666
72667
72668
72672
72673
72674
72699
72700
72701
72702
72703
72704
72705
72706
72707
72732
72733
72734
72738
72739
72740
72741
72742
72743
72768
72769
72770
72777
72778
72779
72813
72814
72815
72816
72817
72818
72819
72820
72821
72852
72853
72854
72858
72859
72860
72891
72892
72893
72894
72895
72896
72924
72925
72926
72939
72940
72941
72966
72967
72968
72972
72973
72974
72981
72982
72983
73008
73009
73010
73011
73012
73013
73017
73018
73019
73044
73045
73046
73053
73054
73055
73086
73087
73088
73089
73090
73091
73092
73093
73094
73122
73123
73124
73131
73132
73133
73164
73165
73166
73170
73171
73172
73179
73180
73181
73206
73207
73208
73212
73213
73214
73215
73216
73217
73242
73243
73244
73257
73258
73259
73284
73285
73286
73290
73291
73292
73293
73294
73295
73320
73321
73322
73326
73327
73328
73329
73330
73331
73362
73363
73364
73368
73369
73370
73371
73372
73373
73404
73405
73406
73410
73411
73412
73440
73441
73442
73455
73456
73457
73482
73483
73484
73488
73489
73490
73491
73492
73493
73518
73519
73520
73524
73525
73526
73533
73534
73535
73560
73561
73562
73566
73567
73568
73569
73570
73571
73593
73594
73602
73603
73644
73645
73646
73653
73654
73655
73686
73687
73692
73693
73694
73695
73696
73728
73729
73730
73734
73735
73736
73737
73738
73739
73764
73765
73766
73767
73768
73769
73773
73774
73775
73800
73801
73802
73815
73816
73817
73842
73843
73844
73854
73855
73856
73890
73891
73892
73893
73894
73895
73899
73900
73901
73926
73927
73928
73929
73930
73931
73932
73933
73934
73962
73963
73964
73968
73969
73970
73971
73972
73973
74004
74005
74006
74016
74017
74018
74043
74044
74045
74049
74050
74051
74055
74056
74057
74082
74083
74084
74088
74089
74090
74097
74098
74099
74124
74125
74126
74127
74128
74129
74133
74134
74135
74160
74161
74162
74175
74176
74177
74202
74203
74204
74208
74209
74210
74250
74251
74252
74256
74257
74258
74259
74260
74261
74286
74287
74288
74289
74290
74291
74295
74296
74297
74320
74321
74329
74330
74331
74332
74333
74362
74363
74367
74368
74369
74377
74378
74412
74413
74414
74418
74419
74420
74448
74449
74450
74451
74452
74453
74454
74455
74456
74484
74485
74486
74490
74491
74492
74496
74497
74498
74532
74533
74534
74538
74539
74540
74547
74548
74549
74583
74584
74585
74622
74623
74624
74625
74626
74627
74652
74653
74654
74658
74659
74660
74661
74662
74663
74694
74695
74696
74697
74698
74699
74703
74704
74705
74736
74737
74738
74742
74743
74744
74778
74779
74780
74784
74785
74786
74787
74788
74789
74826
74827
74828
74832
74833
74834
74862
74863
74864
74868
74869
74870
74871
74872
74873
74898
74899
74900
74904
74905
74906
74907
74908
74909
74931
74932
74940
74941
74949
74950
74951
74979
74980
74981
74988
74989
74990
75018
75019
75024
75025
75026
75027
75028
75054
75055
75056
75063
75064
75065
75108
75109
75110
75144
75145
75146
75150
75151
75152
75153
75154
75155
75180
75181
75182
75186
75187
75188
75189
75190
75191
75228
75229
75230
75255
75256
75257
75258
75259
75260
75261
75262
75263
75288
75289
75290
75294
75295
75296
75300
75301
75302
75330
75331
75332
75336
75337
75338
75339
75340
75341
75372
75373
75374
75375
75376
75377
75378
75379
75380
75411
75412
75420
75421
75453
75454
75455
75456
75457
75458
75462
75463
75465
75466
75489
75490
75491
75495
75496
75507
75508
75531
75532
75533
75534
75535
75536
75540
75541
75543
75544
75573
75574
75575
75582
75583
75584
75624
75625
75626
75627
75628
75629
75655
75656
75660
75661
75662
75664
75665
75690
75691
75692
75696
75697
75698
75702
75703
75704
75732
75733
75734
75741
75742
75743
75774
75775
75776
75786
75787
75788
75828
75829
75830
75834
75835
75836
75870
75871
75872
75876
75877
75878
75921
75922
75923
75945
75946
75951
75952
75953
75960
75961
75996
75997
75998
75999
76000
76001
76026
76027
76028
76038
76039
76040
76077
76078
76079
76080
76081
76082
76113
76114
76115
76122
76123
76124
76170
76171
76172
76206
76207
76208
76212
76213
76214
76239
76240
76241
76242
76243
76244
76245
76246
76247
76278
76279
76280
76281
76282
76283
76308
76309
76310
76320
76321
76322
76347
76348
76349
76350
76351
76352
76353
76354
76355
76380
76381
76382
76383
76384
76385
76389
76390
76391
76419
76420
76421
76422
76423
76424
76452
76454
76461
76463
76497
76498
76499
76500
76501
76502
76503
76504
76505
76530
76532
76536
76537
76538
76545
76547
76569
76570
76571
76572
76573
76574
76575
76576
76577
76608
76609
76610
76650
76651
76652
76653
76654
76655
76659
76660
76661
76686
76687
76688
76689
76690
76691
76695
76696
76697
76722
76723
76724
76731
76732
76733
76770
76771
76772
76773
76774
76775
76803
76804
76805
76806
76807
76808
76848
76849
76850
76857
76858
76859
76887
76888
76889
76890
76891
76892
76896
76897
76898
76899
76900
76901
76923
76924
76925
76926
76927
76928
76929
76930
76931
76956
76957
76958
76962
76963
76964
76965
76966
76967
76992
76993
76994
76995
76996
76997
77001
77002
77003
77034
77035
77036
77040
77041
77042
77073
77074
77075
77076
77077
77078
77109
77110
77111
77112
77113
77114
77142
77143
77144
77148
77149
77150
77151
77152
77153
77184
77185
77186
77193
77194
77195
77238
77239
77240
77268
77269
77270
77280
77281
77282
77307
77308
77309
77310
77311
77312
77313
77314
77315
77346
77347
77348
77352
77353
77354
77382
77383
77384
77388
77389
77390
77430
77431
77432
77433
77434
77435
77439
77440
77441
77466
77467
77468
77469
77470
77471
77475
77476
77477
77502
77503
77504
77508
77509
77510
77517
77518
77519
77553
77554
77555
77586
77587
77588
77592
77593
77594
77595
77596
77597
77634
77635
77636
77640
77641
77642
77676
77677
77678
77679
77680
77681
77706
77707
77708
77715
77716
77717
77748
77749
77750
77754
77755
77756
77757
77758
77759
77784
77785
77786
77799
77800
77801
77826
77827
77828
77835
77836
77837
77868
77869
77870
77871
77872
77873
77877
77878
77879
77904
77905
77906
77913
77914
77915
77946
77947
77948
77952
77953
77954
77955
77956
77957
77988
77989
77990
78033
78034
78035
78036
78037
78038
78069
78070
78071
78075
78076
78077
78102
78103
78104
78114
78115
78116
78150
78151
78152
78162
78163
78164
78195
78196
78197
78198
78199
78200
78225
78226
78227
78228
78229
78230
78231
78232
78233
78259
78260
78264
78265
78266
78274
78275
78301
78302
78306
78307
78308
78316
78317
78339
78340
78341
78342
78343
78344
78346
78347
78352
78353
78378
78379
78380
78384
78385
78386
78393
78394
78395
78426
78427
78428
78432
78433
78434
78462
78463
78464
78468
78469
78470
78471
78472
78473
78498
78499
78500
78510
78511
78512
78546
78547
78548
78549
78550
78551
78576
78577
78578
78579
78580
78581
78582
78583
78584
78618
78619
78620
78624
78625
78626
78660
78661
78662
78663
78664
78665
78666
78667
78668
78696
78697
78698
78699
78700
78701
78702
78703
78704
78732
78733
78734
78786
78787
78788
78792
78793
78794
78837
78838
78839
78861
78862
78863
78864
78865
78866
78867
78868
78869
78894
78895
78896
78897
78898
78899
78903
78904
78905
78927
78928
78929
78930
78931
78932
78933
78934
78935
78963
78964
78965
78969
78970
78971
78996
78997
78998
79002
79003
79004
79005
79006
79007
79035
79036
79037
79047
79048
79049
79074
79075
79076
79080
79081
79082
79086
79087
79088
79116
79117
79118
79128
79129
79130
79155
79156
79157
79158
79159
79160
79161
79162
79163
79188
79189
79190
79197
79198
79199
79230
79231
79232
79236
79237
79238
79239
79240
79241
79263
79264
79265
79269
79271
79275
79277
79311
79312
79313
79314
79315
79316
79344
79345
79346
79359
79360
79361
79386
79387
79388
79401
79402
79403
79428
79429
79430
79431
79432
79433
79437
79438
79439
79461
79462
79463
79515
79516
79517
79518
79519
79520
79551
79552
79553
79554
79555
79556
79560
79561
79562
79590
79591
79592
79593
79594
79595
79596
79597
79598
79629
79630
79631
79635
79636
79637
79665
79666
79667
79668
79669
79670
79698
79699
79700
79707
79708
79709
79746
79747
79748
79752
79753
79754
79782
79783
79784
79788
79789
79790
79791
79792
79793
79821
79822
79823
79824
79825
79826
79866
79867
79868
79869
79870
79871
79875
79876
79877
79902
79903
79904
79905
79906
79907
79908
79909
79910
79944
79945
79946
79953
79954
79955
79977
79978
79979
79980
79981
79982
79983
79984
79985
80010
80011
80012
80025
80026
80027
80052
80053
80054
80055
80056
80057
80058
80059
80060
80085
80086
80087
80088
80089
80090
80091
80092
80093
80118
80119
80120
80124
80125
80126
80127
80128
80129
80151
80152
80153
80154
80155
80156
80157
80158
80159
80196
80197
80198
80223
80224
80225
80226
80227
80228
80229
80230
80231
80256
80257
80258
80259
80260
80261
80262
80263
80264
80295
80296
80297
80301
80302
80303
80331
80332
80333
80337
80338
80339
80367
80368
80369
80370
80371
80372
80397
80398
80399
80400
80401
80402
80403
80404
80405
80436
80437
80438
80442
80443
80444
80472
80473
80474
80487
80488
80489
80514
80515
80516
80520
80521
80522
80523
80524
80525
80556
80557
80558
80562
80563
80564
80598
80599
80600
80601
80602
80603
80607
80608
80609
80637
80638
80639
80640
80641
80642
80670
80671
80672
80685
80686
80687
80709
80710
80711
80721
80722
80723
80754
80755
80760
80761
80762
80763
80764
80790
80791
80792
80799
80800
80801
80802
80803
80804
80838
80839
80840
80841
80842
80843
80847
80848
80849
80874
80875
80876
80889
80890
80891
80916
80917
80918
80919
80920
80921
80925
80926
80927
80952
80953
80954
80961
80962
80963
80994
80995
80996
80997
80998
80999
81000
81001
81002
81033
81034
81035
81039
81040
81041
81066
81067
81068
81069
81070
81071
81072
81073
81074
81102
81103
81104
81108
81109
81110
81156
81157
81158
81159
81160
81161
81195
81196
81197
81201
81202
81203
81228
81229
81230
81234
81235
81236
81276
81277
81278
81279
81280
81281
81285
81286
81287
81318
81319
81320
81324
81325
81326
81354
81355
81356
81357
81358
81359
81363
81364
81365
81390
81391
81392
81402
81403
81404
81438
81439
81440
81450
81451
81452
81480
81481
81482
81492
81493
81494
81528
81529
81530
81537
81538
81539
81573
81574
81575
81579
81580
81581
81606
81607
81608
81612
81613
81614
81615
81616
81617
81642
81643
81644
81648
81649
81650
81651
81652
81653
81684
81685
81686
81696
81697
81698
81723
81724
81725
81726
81727
81728
81729
81730
81731
81762
81763
81764
81801
81802
81803
81804
81805
81806
81807
81808
81809
81840
81841
81842
81846
81847
81848
81876
81877
81878
81882
81883
81884
81885
81886
81887
81912
81913
81914
81915
81916
81917
81921
81922
81923
81996
81997
81998
82011
82012
82013
82044
82045
82046
82047
82048
82049
82074
82075
82076
82080
82081
82082
82086
82087
82088
82116
82117
82118
82119
82120
82121
82125
82126
82127
82152
82153
82154
82158
82159
82160
82164
82165
82166
82194
82195
82196
82200
82201
82202
82203
82204
82205
82230
82231
82232
82245
82246
82247
82278
82279
82280
82284
82285
82286
82314
82315
82316
82317
82318
82319
82323
82324
82325
82353
82354
82355
82359
82360
82361
82386
82387
82388
82395
82396
82397
82428
82429
82430
82431
82432
82433
82434
82435
82436
82440
82441
82442
82467
82468
82470
82471
82472
82473
82474
82509
82510
82511
82545
82546
82547
82548
82549
82550
82551
82552
82553
82575
82576
82577
82578
82579
82580
82581
82582
82583
82608
82609
82610
82614
82615
82616
82617
82618
82619
82644
82645
82646
82650
82651
82652
82653
82654
82655
82680
82681
82682
82686
82687
82688
82689
82690
82691
82722
82723
82724
82731
82732
82733
82764
82765
82766
82767
82768
82769
82773
82774
82775
82803
82804
82805
82809
82810
82811
82839
82840
82841
82842
82843
82844
82878
82879
82880
82881
82882
82883
82914
82915
82916
82917
82918
82919
82953
82954
82955
82959
82960
82961
82983
82984
82985
82986
82987
82988
82989
82990
82991
83016
83017
83018
83028
83029
83030
83061
83062
83063
83064
83065
83066
83100
83101
83102
83103
83104
83105
83139
83140
83141
83145
83146
83147
83178
83179
83180
83181
83182
83183
83214
83215
83216
83217
83218
83219
83244
83245
83246
83259
83260
83261
83292
83293
83294
83298
83299
83300
83331
83332
83333
83334
83335
83336
83361
83362
83363
83367
83369
83373
83375
83412
83413
83414
83418
83419
83420
83448
83449
83450
83451
83452
83453
83454
83455
83456
83484
83485
83486
83490
83491
83492
83493
83494
83495
83520
83521
83522
83535
83536
83537
83562
83563
83564
83565
83566
83567
83568
83569
83570
83598
83599
83600
83613
83614
83615
83640
83641
83642
83643
83644
83645
83646
83647
83648
83682
83683
83684
83688
83689
83690
83718
83719
83720
83727
83728
83729
83760
83761
83762
83775
83776
83777
83808
83809
83810
83811
83812
83813
83838
83839
83840
83844
83845
83846
83850
83851
83852
83886
83887
83888
83892
83893
83894
83901
83902
83903
83928
83929
83930
83940
83941
83942
83976
83977
83978
83982
83983
83984
83988
83989
83990
84018
84019
84020
84024
84025
84026
84033
84034
84035
84060
84061
84062
84063
84064
84065
84069
84070
84071
84096
84097
84098
84099
84100
84101
84102
84103
84104
84132
84133
84134
84138
84139
84140
84180
84181
84182
84186
84187
84188
84195
84196
84197
84222
84223
84224
84228
84229
84230
84234
84235
84236
84264
84265
84266
84273
84274
84275
84306
84307
84308
84315
84316
84317
84348
84349
84350
84351
84352
84353
84354
84355
84356
84384
84385
84386
84387
84388
84389
84393
84394
84395
84420
84421
84422
84426
84427
84428
84432
84433
84434
84468
84469
84470
84474
84475
84476
84510
84511
84512
84513
84514
84515
84519
84520
84521
84546
84547
84548
84552
84553
84554
84555
84556
84557
84588
84589
84590
84603
84604
84605
84630
84631
84632
84636
84637
84638
84678
84679
84680
84687
84688
84689
84723
84724
84725
84726
84727
84728
84762
84763
84764
84768
84769
84770
84798
84799
84800
84810
84811
84812
84852
84853
84854
84861
84862
84863
84894
84895
84896
84933
84934
84935
84942
84943
84944
84945
84946
84947
84972
84973
84974
84975
84976
84977
84978
84979
84980
84984
84985
84986
85014
85015
85016
85017
85018
85019
85020
85021
85022
85050
85051
85052
85056
85057
85058
85062
85063
85064
85104
85105
85106
85110
85111
85112
85146
85147
85148
85152
85153
85154
85155
85156
85157
85188
85189
85190
85194
85195
85196
85200
85201
85202
85230
85231
85232
85236
85237
85238
85242
85243
85244
85272
85273
85274
85278
85279
85280
85281
85282
85283
85308
85309
85310
85320
85321
85322
85356
85357
85358
85368
85369
85370
85416
85417
85418
85452
85453
85454
85458
85459
85460
85491
85492
85493
85494
85495
85496
85524
85525
85526
85533
85534
85535
85569
85570
85571
85572
85573
85574
85575
85576
85577
85602
85603
85604
85617
85618
85619
85644
85645
85646
85650
85651
85652
85653
85654
85655
85686
85687
85688
85695
85696
85697
85728
85729
85730
85734
85735
85736
85737
85738
85739
85764
85765
85766
85776
85777
85778
85812
85813
85814
85818
85819
85820
85821
85822
85823
85854
85855
85856
85860
85861
85862
85866
85867
85868
85896
85897
85898
85902
85903
85904
85908
85909
85910
85938
85939
85940
85950
85951
85952
85980
85981
85982
85986
85987
85988
85992
85993
85994
86022
86023
86024
86025
86026
86027
86028
86029
86030
86058
86059
86060
86070
86071
86072
86106
86107
86108
86109
86110
86111
86112
86113
86114
86142
86143
86144
86148
86149
86150
86157
86158
86159
86184
86185
86186
86193
86194
86195
86226
86227
86228
86232
86233
86234
86274
86275
86276
86280
86281
86282
86283
86284
86285
86310
86311
86312
86319
86320
86321
86322
86323
86324
86364
86365
86366
86370
86371
86372
86400
86401
86402
86403
86404
86405
86409
86410
86411
86442
86443
86444
86448
86449
86450
86478
86479
86480
86487
86488
86489
86520
86521
86522
86526
86527
86528
86532
86533
86534
86568
86569
86570
86574
86575
86576
86577
86578
86579
86613
86614
86615
86616
86617
86618
86625
86626
86627
86664
86665
86666
86700
86701
86702
86706
86707
86708
86709
86710
86711
86736
86737
86738
86742
86743
86744
86784
86785
86786
86790
86791
86792
86796
86797
86798
86826
86827
86828
86829
86830
86831
86835
86836
86837
86862
86863
86864
86865
86866
86867
86868
86869
86870
86904
86905
86906
86910
86911
86912
86952
86953
86954
86961
86962
86963
86994
86995
86996
87045
87046
87047
87078
87079
87080
87084
87085
87086
87093
87094
87095
87126
87127
87128
87132
87133
87134
87171
87172
87173
87201
87202
87203
87207
87208
87209
87210
87211
87212
87237
87238
87239
87240
87241
87242
87243
87244
87245
87270
87271
87272
87279
87280
87281
87324
87325
87326
87330
87331
87332
87357
87358
87359
87360
87361
87362
87363
87364
87365
87390
87391
87392
87393
87394
87395
87396
87397
87398
87426
87427
87428
87441
87442
87443
87468
87469
87470
87480
87481
87482
87516
87517
87518
87519
87520
87521
87522
87523
87524
87558
87559
87560
87561
87562
87563
87588
87589
87590
87594
87595
87596
87597
87598
87599
87630
87631
87632
87636
87637
87638
87672
87673
87674
87678
87679
87680
87681
87682
87683
87714
87715
87716
87717
87718
87719
87744
87745
87746
87750
87751
87752
87753
87754
87755
87786
87787
87788
87801
87802
87803
87834
87835
87836
87843
87844
87845
87879
87880
87881
87912
87913
87914
87921
87922
87923
87960
87961
87962
87963
87964
87965
87991
87992
88000
88001
88039
88040
88041
88042
88043
88045
88046
88071
88072
88073
88078
88079
88084
88085
88113
88114
88115
88116
88117
88118
88120
88121
88123
88124
88152
88153
88154
88158
88159
88160
88164
88165
88166
88194
88195
88196
88200
88201
88202
88203
88204
88205
88230
88231
88232
88236
88237
88238
88245
88246
88247
88272
88273
88274
88278
88279
88280
88281
88282
88283
88308
88309
88310
88314
88315
88316
88356
88357
88358
88362
88363
88364
88365
88366
88367
88398
88399
88400
88401
88402
88403
88407
88408
88409
88434
88435
88436
88479
88480
88481
88482
88483
88484
88485
88486
88487
88512
88513
88514
88521
88522
88523
88554
88555
88556
88560
88561
88562
88566
88567
88568
88596
88597
88598
88602
88603
88604
88608
88609
88610
88638
88639
88640
88641
88642
88643
88647
88648
88649
88680
88681
88682
88686
88687
88688
88716
88717
88718
88725
88726
88727
88758
88759
88760
88764
88765
88766
88767
88768
88769
88809
88810
88811
88836
88837
88839
88840
88848
88849
88850
88878
88879
88884
88885
88886
88893
88894
88920
88921
88922
88935
88936
88937
88962
88963
88964
88968
88969
88970
88971
88972
88973
89004
89005
89006
89013
89014
89015
89043
89044
89045
89046
89047
89048
89073
89074
89079
89080
89082
89083
89084
89109
89110
89115
89116
89117
89121
89122
89148
89149
89154
89155
89156
89157
89158
89187
89188
89193
89194
89195
89202
89203
89229
89230
89231
89232
89233
89234
89238
89239
89241
89242
89268
89269
89270
89274
89275
89276
89280
89281
89282
89316
89317
89318
89322
89323
89324
89328
89329
89330
89358
89359
89360
89364
89365
89366
89367
89368
89369
89400
89401
89402
89406
89407
89408
89409
89410
89411
89442
89443
89444
89451
89452
89453
89484
89485
89486
89487
89488
89489
89493
89494
89495
89520
89521
89522
89526
89527
89528
89532
89533
89534
89568
89569
89570
89580
89581
89582
89616
89617
89618
89622
89623
89624
89628
89629
89630
89658
89659
89660
89664
89665
89666
89667
89668
89669
89694
89695
89696
89700
89701
89702
89706
89707
89708
89748
89749
89750
89754
89755
89756
89790
89791
89792
89796
89797
89798
89799
89800
89801
89832
89833
89834
89838
89839
89840
89841
89842
89843
89874
89875
89876
89877
89878
89879
89880
89881
89882
89910
89911
89912
89922
89923
89924
89952
89953
89954
89955
89956
89957
89958
89959
89960
89997
89998
89999
90030
90031
90032
90036
90037
90038
90042
90043
90044
90084
90085
90086
90087
90088
90089
90132
90133
90134
90168
90169
90170
90183
90184
90185
90210
90211
90212
90222
90223
90224
90258
90259
90260
90264
90265
90266
90267
90268
90269
90294
90295
90296
90300
90301
90302
90303
90304
90305
90330
90331
90332
90339
90340
90341
90375
90376
90377
90378
90379
90380
90381
90382
90383
90408
90409
90410
90414
90415
90416
90420
90421
90422
90456
90457
90458
90462
90463
90464
90468
90469
90470
90498
90499
90500
90504
90505
90506
90513
90514
90515
90555
90556
90557
90588
90589
90590
90630
90631
90632
90636
90637
90638
90645
90646
90647
90672
90673
90674
90678
90679
90680
90681
90682
90683
90714
90715
90716
90720
90721
90722
90726
90727
90728
90756
90757
90758
90765
90766
90767
90801
90802
90803
90807
90808
90809
90813
90814
90815
90840
90841
90842
90849
90850
90851
90885
90886
90887
90888
90889
90890
90918
90919
90920
90924
90925
90926
90930
90931
90932
90966
90967
90968
90972
90973
90974
90981
90982
90983
91014
91015
91016
91017
91018
91019
91050
91051
91052
91062
91063
91064
91104
91105
91106
91146
91147
91148
91149
91150
91151
91152
91153
91154
91188
91189
91190
91194
91195
91196
91224
91225
91226
91227
91228
91229
91230
91231
91232
91260
91261
91262
91266
91267
91268
91269
91270
91271
91308
91309
91310
91314
91315
91316
91350
91351
91352
91356
91357
91358
91404
91405
91406
91437
91438
91439
91440
91441
91442
91443
91444
91445
91470
91471
91472
91479
91480
91481
91512
91513
91514
91515
91516
91517
91518
91519
91520
91548
91549
91550
91554
91555
91556
91560
91561
91562
91596
91597
91598
91602
91603
91604
91605
91606
91607
91638
91639
91640
91644
91645
91646
91650
91651
91652
91686
91687
91688
91692
91693
91694
91722
91723
91724
91728
91729
91730
91734
91735
91736
91764
91765
91766
91770
91771
91772
91779
91780
91781
91806
91807
91808
91812
91813
91814
91818
91819
91820
91854
91855
91856
91860
91861
91862
91866
91867
91868
91896
91897
91898
91902
91903
91904
91908
91909
91910
91938
91939
91940
91944
91945
91946
91986
91987
91988
91989
91990
91991
91995
91996
91997
92022
92023
92024
92034
92035
92036
92064
92065
92066
92070
92071
92072
92073
92074
92075
92106
92107
92108
92112
92113
92114
92121
92122
92123
92148
92149
92150
92154
92155
92156
92157
92158
92159
92190
92191
92192
92196
92197
92198
92199
92200
92201
92232
92234
92235
92236
92237
92238
92240
92268
92270
92274
92275
92276
92283
92285
92310
92311
92312
92316
92317
92318
92319
92320
92321
92358
92359
92360
92361
92362
92363
92400
92401
92402
92403
92404
92405
92436
92437
92438
92439
92440
92441
92466
92467
92468
92481
92482
92483
92514
92515
92516
92520
92521
92522
92550
92551
92552
92556
92557
92558
92559
92560
92561
92592
92593
92594
92595
92596
92597
92598
92599
92600
92628
92629
92630
92634
92635
92636
92676
92677
92678
92691
92692
92693
92718
92719
92720
92733
92734
92735
92760
92761
92762
92775
92776
92777
92811
92812
92813
92844
92845
92846
92850
92851
92852
92856
92857
92858
92889
92891
92895
92896
92897
92904
92906
92931
92932
92933
92937
92939
92949
92951
92973
92974
92975
92976
92977
92978
92982
92984
92985
92987
93012
93013
93014
93018
93019
93020
93024
93025
93026
93060
93061
93062
93066
93067
93068
93075
93076
93077
93102
93103
93104
93108
93109
93110
93117
93118
93119
93150
93151
93152
93153
93154
93155
93186
93187
93188
93189
93190
93191
93195
93196
93197
93231
93232
93233
93261
93262
93263
93264
93265
93266
93267
93268
93269
93297
93298
93299
93345
93346
93347
93348
93349
93350
93378
93379
93380
93390
93391
93392
93426
93427
93428
93432
93433
93434
93435
93436
93437
93465
93466
93467
93468
93469
93470
93474
93475
93476
93504
93505
93506
93507
93508
93509
93510
93511
93512
93540
93541
93542
93546
93547
93548
93555
93556
93557
93582
93583
93584
93594
93595
93596
93624
93625
93626
93639
93640
93641
93666
93667
93668
93672
93673
93674
93681
93682
93683
93714
93715
93716
93717
93718
93719
93756
93757
93758
93759
93760
93761
93783
93784
93785
93786
93787
93788
93789
93790
93791
93816
93817
93818
93822
93823
93824
93879
93880
93881
93912
93913
93914
93951
93952
93953
93954
93955
93956
93960
93961
93962
93963
93964
93965
93987
93988
93989
93990
93991
93992
93996
93997
93998
93999
94000
94001
94032
94033
94034
94035
94036
94037
94041
94042
94043
94065
94066
94067
94068
94069
94070
94071
94072
94077
94078
94110
94111
94112
94116
94117
94118
94152
94153
94154
94155
94156
94157
94182
94183
94184
94197
94198
94199
94224
94225
94226
94230
94231
94232
94239
94240
94241
94266
94267
94268
94272
94273
94274
94275
94276
94277
94299
94300
94301
94302
94303
94304
94350
94351
94352
94353
94354
94355
94359
94360
94361
94389
94390
94391
94392
94393
94394
94398
94399
94400
94428
94429
94430
94434
94435
94436
94437
94438
94439
94470
94471
94472
94473
94474
94475
94497
94498
94506
94507
94515
94516
94517
94539
94540
94545
94546
94547
94551
94552
94584
94585
94586
94590
94591
94592
94620
94621
94622
94626
94627
94628
94635
94636
94637
94662
94663
94664
94665
94666
94667
94671
94672
94673
94695
94696
94697
94698
94699
94700
94704
94705
94706
94707
94708
94709
94740
94741
94742
94743
94744
94745
94749
94750
94751
94776
94777
94778
94791
94792
94793
94824
94825
94826
94827
94828
94829
94854
94855
94860
94861
94862
94869
94870
94896
94897
94898
94899
94900
94901
94905
94906
94907
94947
94948
94949
94977
94978
94979
94980
94981
94982
95010
95011
95012
95013
95014
95015
95019
95020
95021
95046
95047
95048
95049
95050
95051
95052
95053
95054
95082
95083
95084
95088
95089
95090
95091
95092
95093
95124
95125
95126
95130
95131
95132
95160
95161
95162
95166
95167
95168
95172
95173
95174
95208
95209
95210
95211
95212
95213
95241
95242
95243
95244
95245
95246
95247
95248
95249
95271
95272
95273
95274
95275
95276
95322
95323
95324
95325
95326
95327
95328
95329
95330
95364
95365
95366
95403
95404
95405
95406
95407
95408
95409
95410
95411
95436
95437
95438
95442
95443
95444
95448
95449
95450
95493
95494
95495
95517
95518
95519
95520
95521
95522
95526
95527
95528
95529
95530
95531
95559
95560
95561
95562
95563
95564
95604
95605
95606
95607
95608
95609
95613
95614
95615
95646
95647
95648
95652
95653
95654
95688
95689
95690
95694
95695
95696
95721
95722
95723
95724
95725
95726
95775
95776
95777
95781
95782
95783
95808
95809
95810
95811
95812
95813
95817
95818
95819
95844
95845
95846
95850
95851
95852
95853
95854
95855
95886
95887
95888
95889
95890
95891
95892
95893
95894
95922
95923
95928
95929
95930
95931
95932
95964
95965
95970
95971
95972
95979
95980
96003
96004
96005
96006
96007
96008
96009
96010
96015
96016
96042
96043
96044
96048
96049
96050
96054
96055
96056
96084
96085
96086
96087
96088
96089
96093
96094
96095
96135
96136
96137
96162
96163
96164
96177
96178
96179
96207
96208
96209
96213
96214
96215
96240
96241
96242
96252
96253
96254
96294
96295
96296
96297
96298
96299
96336
96337
96338
96339
96340
96341
96369
96370
96371
96378
96379
96380
96420
96421
96422
96423
96424
96425
96450
96451
96452
96459
96460
96461
96504
96505
96506
96534
96535
96536
96543
96544
96545
96582
96583
96584
96585
96586
96587
96615
96616
96617
96618
96619
96620
96654
96655
96656
96660
96661
96662
96690
96691
96692
96696
96697
96698
96699
96700
96701
96726
96727
96728
96732
96733
96734
96738
96739
96740
96768
96769
96770
96774
96775
96776
96777
96778
96779
96804
96805
96806
96810
96811
96812
96816
96817
96818
96852
96853
96854
96858
96859
96860
96894
96895
96896
96900
96901
96902
96903
96904
96905
96930
96931
96932
96942
96943
96944
96978
96979
96980
96981
96982
96983
96984
96985
96986
97014
97015
97016
97020
97021
97022
97029
97030
97031
97068
97069
97070
97104
97105
97106
97110
97111
97112
97113
97114
97115
97146
97147
97148
97149
97150
97151
97173
97174
97175
97176
97177
97178
97182
97183
97184
97224
97225
97226
97230
97231
97232
97272
97273
97274
97278
97279
97280
97281
97282
97283
97311
97312
97313
97323
97324
97325
97347
97348
97349
97350
97351
97352
97353
97354
97355
97380
97381
97382
97386
97387
97388
97428
97429
97430
97431
97432
97433
97437
97438
97439
97464
97465
97466
97470
97471
97472
97479
97480
97481
97506
97507
97508
97512
97513
97514
97521
97522
97523
97548
97549
97550
97554
97555
97556
97557
97558
97559
97584
97585
97586
97593
97594
97595
97629
97630
97631
97632
97633
97634
97638
97639
97640
97674
97675
97676
97680
97681
97682
97683
97684
97685
97710
97711
97712
97716
97717
97718
97722
97723
97724
97752
97753
97754
97758
97759
97760
97761
97762
97763
97800
97801
97802
97806
97807
97808
97851
97852
97853
97890
97891
97892
97929
97930
97931
97959
97960
97961
97962
97963
97964
97965
97966
97967
97995
97996
97997
97998
97999
98000
98034
98035
98036
98037
98038
98039
98064
98065
98066
98070
98071
98072
98079
98080
98081
98106
98107
98108
98115
98116
98117
98151
98152
98153
98157
98158
98159
98190
98191
98192
98193
98194
98195
98226
98227
98228
98271
98272
98273
98277
98278
98279
98307
98308
98309
98313
98314
98315
98349
98350
98351
98382
98383
98384
98385
98386
98387
98391
98392
98393
98415
98416
98417
98418
98419
98420
98421
98422
98423
98452
98453
98461
98462
98493
98494
98495
98496
98497
98498
98499
98500
98501
98526
98527
98528
98533
98534
98539
98540
98568
98569
98570
98571
98572
98573
98574
98575
98576
98604
98605
98606
98613
98614
98615
98646
98647
98648
98661
98662
98663
98688
98689
98690
98694
98695
98696
98697
98698
98699
98724
98725
98726
98730
98731
98732
98733
98734
98735
98763
98764
98765
98766
98767
98768
98769
98770
98771
98793
98794
98795
98796
98797
98798
98799
98800
98801
98826
98827
98828
98829
98830
98831
98835
98836
98837
98862
98863
98864
98868
98869
98870
98877
98878
98879
98904
98905
98906
98916
98917
98918
98952
98953
98954
98958
98959
98960
98961
98962
98963
98994
98995
98996
99000
99001
99002
99033
99034
99035
99036
99037
99038
99066
99067
99068
99078
99079
99080
99120
99121
99122
99126
99127
99128
99162
99163
99164
99177
99178
99179
99216
99217
99218
99249
99250
99251
99252
99253
99254
99255
99256
99257
99285
99286
99287
99291
99292
99293
99318
99319
99320
99324
99325
99326
99333
99334
99335
99363
99364
99365
99369
99370
99371
99396
99397
99398
99402
99403
99404
99405
99406
99407
99436
99437
99445
99446
99453
99454
99455
99481
99482
99486
99487
99488
99490
99491
99519
99520
99521
99522
99523
99524
99525
99526
99527
99552
99553
99554
99558
99559
99560
99606
99607
99608
99615
99616
99617
99640
99641
99649
99650
99651
99652
99653
99678
99679
99680
99684
99685
99686
99690
99691
99692
99726
99727
99728
99738
99739
99740
99768
99769
99770
99774
99775
99776
99783
99784
99785
99810
99811
99812
99825
99826
99827
99858
99859
99860
99864
99865
99866
99900
99901
99902
99903
99904
99905
99930
99931
99932
99933
99934
99935
99936
99937
99938
99966
99967
99968
99975
99976
99977
100008
100009
100010
100014
100015
100016
100017
100018
100019
100050
100051
100052
100056
100057
100058
100095
100096
100097
100104
100105
100106
100146
100147
100148
100152
100153
100154
100179
100180
100181
100182
100183
100184
100185
100186
100187
100218
100219
100220
100224
100225
100226
100260
100261
100262
100266
100267
100268
100296
100297
100298
100302
100303
100304
100305
100306
100307
100332
100333
100334
100347
100348
100349
100374
100375
100376
100377
100378
100379
100383
100384
100385
100416
100417
100418
100422
100423
100424
100452
100453
100454
100458
100459
100460
100461
100462
100463
100488
100489
100490
100497
100498
100499
100533
100534
100535
100539
100540
100541
100572
100573
100574
100620
100621
100622
100623
100624
100625
100650
100651
100652
100656
100657
100658
100662
100663
100664
100704
100705
100706
100710
100711
100712
100752
100753
100754
100761
100762
100763
100800
100801
100802
100833
100834
100835
100836
100837
100838
100863
100864
100865
100866
100867
100868
100869
100870
100871
100896
100897
100898
100902
100903
100904
100908
100909
100910
100947
100948
100949
100953
100954
100955
100956
100957
100958
100992
100993
100994
100998
100999
101000
101001
101002
101003
101031
101032
101033
101037
101038
101039
101064
101065
101066
101079
101080
101081
101121
101122
101123
101154
101155
101156
101157
101158
101159
101184
101185
101186
101229
101230
101231
101232
101233
101234
101235
101236
101237
101268
101269
101270
101277
101278
101279
101304
101305
101306
101310
101311
101312
101316
101317
101318
101361
101362
101363
101394
101395
101396
101397
101398
101399
101400
101401
101402
101430
101431
101432
101439
101440
101441
101442
101443
101444
101478
101479
101480
101481
101482
101483
101484
101485
101486
101520
101521
101522
101523
101524
101525
101550
101551
101552
101565
101566
101567
101592
101593
101594
101598
101599
101600
101601
101602
101603
101628
101629
101630
101634
101635
101636
101637
101638
101639
101676
101677
101678
101679
101680
101681
101712
101713
101714
101727
101728
101729
101754
101755
101756
101760
101761
101762
101763
101764
101765
101793
101794
101795
101800
101801
101812
101813
101838
101839
101840
101847
101848
101849
101880
101881
101882
101895
101896
101897
101928
101929
101930
101931
101932
101933
101958
101959
101960
101964
101965
101966
101970
101971
101972
102006
102007
102008
102012
102013
102014
102021
102022
102023
102054
102055
102056
102057
102058
102059
102093
102094
102095
102099
102100
102101
102126
102127
102128
102138
102139
102140
102174
102175
102176
102180
102181
102182
102183
102184
102185
102210
102211
102212
102216
102217
102218
102258
102259
102260
102309
102310
102311
102312
102313
102314
102315
102316
102317
102351
102352
102353
102357
102358
102359
102384
102385
102386
102390
102391
102392
102396
102397
102398
102432
102433
102434
102438
102439
102440
102444
102445
102446
102480
102481
102482
102489
102490
102491
102519
102520
102521
102528
102529
102530
102564
102565
102566
102609
102610
102611
102624
102625
102626
102657
102658
102659
102660
102661
102662
102690
102691
102692
102693
102694
102695
102699
102700
102701
102723
102724
102725
102726
102727
102728
102729
102730
102731
102756
102757
102758
102804
102805
102806
102810
102811
102812
102813
102814
102815
102840
102841
102842
102843
102844
102845
102849
102850
102851
102873
102874
102875
102885
102886
102887
102924
102925
102926
102966
102967
102968
102969
102970
102971
102972
102973
102974
103003
103004
103006
103007
103011
103012
103013
103038
103039
103040
103044
103045
103046
103053
103054
103055
103080
103081
103082
103086
103087
103088
103089
103090
103091
103128
103129
103130
103167
103168
103169
103170
103171
103172
103173
103174
103175
103200
103201
103202
103206
103207
103208
103212
103213
103214
103248
103249
103250
103254
103255
103256
103260
103261
103262
103296
103297
103298
103344
103345
103346
103347
103348
103349
103383
103384
103385
103389
103390
103391
103416
103417
103418
103422
103423
103424
103425
103426
103427
103458
103459
103460
103461
103462
103463
103491
103492
103493
103497
103498
103499
103524
103525
103526
103536
103537
103538
103570
103571
103575
103576
103577
103582
103583
103605
103606
103607
103608
103609
103610
103612
103613
103615
103616
103644
103645
103646
103650
103651
103652
103653
103654
103655
103689
103690
103691
103695
103696
103697
103731
103732
103733
103737
103738
103739
103770
103771
103772
103776
103777
103778
103818
103819
103820
103824
103825
103826
103854
103855
103856
103857
103858
103859
103863
103864
103865
103890
103891
103892
103902
103903
103904
103953
103954
103955
103992
103993
103994
104028
104029
104030
104034
104035
104036
104037
104038
104039
104064
104065
104066
104070
104071
104072
104073
104074
104075
104103
104104
104105
104109
104110
104111
104142
104143
104144
104151
104152
104153
104184
104185
104186
104190
104191
104192
104220
104221
104222
104226
104227
104228
104229
104230
104231
104253
104254
104255
104256
104257
104258
104259
104260
104261
104286
104287
104288
104298
104299
104300
104334
104335
104336
104340
104341
104342
104343
104344
104345
104370
104371
104372
104379
104380
104381
104412
104413
104414
104415
104416
104417
104421
104422
104423
104448
104449
104450
104454
104455
104456
104460
104461
104462
104490
104491
104492
104505
104506
104507
104532
104533
104534
104541
104542
104543
104589
104590
104591
104616
104617
104618
104622
104623
104624
104625
104626
104627
104655
104657
104664
104666
104700
104702
104706
104707
104708
104709
104711
104757
104758
104759
104784
104785
104786
104799
104800
104801
104841
104842
104843
104871
104872
104873
104883
104884
104885
104907
104908
104909
104910
104911
104912
104913
104914
104915
104940
104941
104942
104947
104948
104953
104954
104979
104980
104981
104982
104983
104984
104986
104987
104992
104993
105018
105019
105020
105027
105028
105029
105060
105061
105062
105072
105073
105074
105108
105109
105110
105114
105115
105116
105117
105118
105119
105150
105151
105152
105159
105160
105161
105192
105193
105194
105195
105196
105197
105198
105199
105200
105228
105229
105230
105234
105235
105236
105237
105238
105239
105264
105265
105266
105270
105271
105272
105312
105313
105314
105318
105319
105320
105324
105325
105326
105360
105361
105362
105366
105367
105368
105396
105397
105398
105402
105403
105404
105411
105412
105413
105438
105439
105440
105441
105442
105443
105444
105445
105446
105474
105475
105476
105483
105484
105485
105516
105517
105518
105519
105520
105521
105522
105523
105524
105552
105553
105554
105564
105565
105566
105597
105598
105599
105600
105601
105602
105612
105613
105614
105651
105652
105653
105690
105691
105692
105693
105694
105695
105720
105721
105722
105735
105736
105737
105768
105769
105770
105774
105775
105776
105810
105811
105812
105813
105814
105815
105843
105844
105845
105846
105847
105848
105882
105883
105884
105924
105925
105926
105933
105934
105935
105966
105967
105968
105981
105982
105983
106008
106009
106010
106011
106012
106013
106017
106018
106019
106050
106051
106052
106056
106057
106058
106086
106087
106088
106089
106090
106091
106095
106096
106097
106134
106135
106136
106164
106165
106166
106167
106168
106169
106170
106171
106172
106200
106201
106202
106215
106216
106217
106242
106243
106244
106248
106249
106250
106254
106255
106256
106290
106291
106292
106293
106294
106295
106323
106324
106325
106326
106327
106328
106329
106330
106331
106356
106357
106358
106362
106363
106364
106368
106369
106370
106398
106399
106400
106401
106402
106403
106407
106408
106409
106446
106447
106448
106479
106480
106481
106485
106486
106487
106512
106513
106514
106515
106516
106517
106521
106522
106523
106554
106555
106556
106560
106561
106562
106590
106591
106592
106593
106594
106595
106596
106597
106598
106632
106633
106634
106638
106639
106640
106674
106675
106676
106680
106681
106682
106689
106690
106691
106716
106717
106718
106728
106729
106730
106764
106765
106766
106767
106768
106769
106839
106840
106841
106842
106843
106844
106845
106846
106847
106872
106873
106874
106881
106882
106883
106917
106918
106919
106923
106924
106925
106950
106951
106952
106956
106957
106958
106965
106966
106967
106992
106993
106994
107001
107002
107003
107034
107035
107036
107040
107041
107042
107049
107050
107051
107076
107077
107078
107085
107086
107087
107118
107119
107120
107121
107122
107123
107127
107128
107129
107154
107155
107156
107157
107158
107159
107163
107164
107165
107193
107194
107195
107199
107200
107201
107235
107236
107237
107238
107239
107240
107271
107272
107273
107277
107278
107279
107301
107302
107303
107304
107305
107306
107307
107308
107309
107334
107335
107336
107343
107344
107345
107376
107377
107378
107382
107383
107384
107388
107389
107390
107424
107425
107426
107427
107428
107429
107466
107467
107468
107499
107500
107501
107502
107503
107504
107505
107506
107507
107538
107539
107540
107544
107545
107546
107577
107578
107579
107580
107581
107582
107613
107614
107615
107619
107620
107621
107649
107650
107651
107652
107653
107654
107655
107656
107657
107688
107689
107690
107694
107695
107696
107724
107725
107726
107730
107731
107732
107733
107734
107735
107766
107767
107768
107769
107770
107771
107775
107776
107777
107802
107803
107804
107850
107851
107852
107856
107857
107858
107865
107866
107867
107895
107896
107897
107898
107899
107900
107928
107929
107930
107940
107941
107942
107976
107977
107978
107982
107983
107984
107991
107992
107993
108018
108019
108020
108027
108028
108029
108060
108061
108062
108075
108076
108077
108102
108103
108104
108111
108112
108113
108144
108145
108146
108150
108151
108152
108153
108154
108155
108186
108187
108188
108228
108229
108230
108231
108232
108233
108237
108238
108239
108264
108265
108266
108279
108280
108281
108306
108307
108308
108312
108313
108314
108354
108355
108356
108357
108358
108359
108363
108364
108365
108390
108391
108392
108396
108397
108398
108402
108403
108404
108489
108490
108491
108492
108493
108494
108528
108529
108530
108534
108535
108536
108561
108562
108563
108564
108565
108566
108570
108571
108572
108573
108574
108575
108606
108607
108608
108609
108610
108611
108612
108613
108614
108642
108643
108644
108645
108646
108647
108651
108652
108653
108675
108677
108684
108686
108726
108728
108732
108733
108734
108741
108743
108774
108775
108776
108780
108781
108782
108810
108811
108812
108816
108817
108818
108819
108820
108821
108852
108853
108854
108855
108856
108857
108882
108883
108884
108888
108889
108890
108930
108931
108932
108933
108934
108935
108936
108937
108938
108966
108967
108968
108975
108976
108977
108978
108979
108980
109014
109015
109016
109020
109021
109022
109023
109024
109025
109053
109054
109055
109056
109057
109058
109086
109087
109088
109092
109093
109094
109095
109096
109097
109134
109135
109136
109140
109141
109142
109176
109177
109178
109179
109180
109181
109182
109183
109184
109188
109189
109190
109218
109219
109220
109227
109228
109229
109260
109261
109262
109263
109264
109265
109266
109267
109268
109302
109303
109304
109308
109309
109310
109344
109345
109346
109350
109351
109352
109356
109357
109358
109392
109393
109394
109398
109399
109400
109404
109405
109406
109440
109441
109442
109446
109447
109448
109491
109492
109493
109524
109525
109526
109533
109534
109535
109560
109561
109562
109566
109567
109568
109608
109609
109610
109614
109615
109616
109617
109618
109619
109656
109657
109658
109665
109666
109667
109701
109702
109703
109734
109735
109736
109740
109741
109742
109746
109747
109748
109785
109786
109787
109818
109819
109820
109830
109831
109832
109866
109867
109868
109872
109873
109874
109881
109882
109883
109908
109909
109910
109917
109918
109919
109956
109957
109958
109962
109963
109964
109965
109966
109967
109992
109993
109994
109998
109999
110000
110004
110005
110006
110040
110041
110042
110043
110044
110045
110073
110074
110075
110076
110077
110078
110079
110080
110081
110106
110107
110108
110112
110113
110114
110115
110116
110117
110163
110164
110165
110190
110192
110196
110197
110198
110205
110207
110232
110234
110238
110239
110240
110247
110249
110280
110281
110282
110283
110284
110285
110310
110311
110312
110316
110317
110318
110319
110320
110321
110346
110347
110348
110349
110350
110351
110352
110353
110354
110382
110383
110384
110391
110392
110393
110424
110425
110426
110436
110437
110438
110478
110479
110480
110481
110482
110483
110517
110518
110519
110523
110524
110525
110547
110548
110549
110550
110551
110552
110553
110554
110555
110589
110590
110591
110625
110626
110627
110628
110629
110630
110664
110665
110666
110667
110668
110669
110694
110695
110696
110700
110701
110702
110709
110710
110711
110742
110743
110744
110748
110749
110750
110784
110785
110786
110790
110791
110792
110793
110794
110795
110820
110821
110822
110829
110830
110831
110862
110863
110864
110877
110878
110879
110904
110905
110906
110919
110920
110921
110946
110947
110948
110952
110953
110954
110958
110959
110960
110994
110995
110996
111000
111001
111002
111039
111040
111041
111042
111043
111044
111072
111073
111074
111078
111079
111080
111084
111085
111086
111114
111115
111116
111120
111121
111122
111174
111175
111176
111204
111205
111206
111213
111214
111215
111258
111259
111260
111288
111289
111290
111291
111292
111293
111294
111295
111296
111330
111331
111332
111333
111334
111335
111360
111361
111362
111366
111367
111368
111372
111373
111374
111402
111403
111404
111408
111409
111410
111411
111412
111413
111444
111445
111446
111447
111448
111449
111450
111451
111452
111480
111481
111482
111492
111493
111494
111528
111529
111530
111534
111535
111536
111543
111544
111545
111576
111577
111578
111615
111616
111617
111618
111619
111620
111621
111622
111623
111648
111649
111650
111654
111655
111656
111657
111658
111659
111690
111691
111692
111696
111697
111698
111699
111700
111701
111726
111727
111728
111732
111733
111734
111735
111736
111737
111759
111760
111761
111762
111763
111764
111765
111767
111768
111770
111810
111811
111812
111855
111856
111857
111888
111889
111890
111891
111892
111893
111918
111919
111920
111924
111925
111926
111930
111931
111932
111972
111973
111974
112005
112006
112007
112008
112009
112010
112011
112012
112013
112044
112045
112046
112050
112051
112052
112080
112081
112082
112083
112084
112085
112086
112087
112088
112122
112123
112124
112128
112129
112130
112164
112165
112166
112170
112171
112172
112176
112177
112178
112206
112207
112208
112218
112219
112220
112257
112258
112259
112263
112264
112265
112296
112297
112298
112299
112300
112301
112329
112330
112331
112332
112333
112334
112335
112336
112337
112362
112363
112364
112377
112378
112379
112404
112405
112406
112410
112411
112412
112416
112417
112418
112452
112453
112454
112458
112459
112460
112494
112495
112496
112503
112504
112505
112536
112537
112538
112551
112552
112553
112578
112579
112580
112587
112588
112589
112620
112621
112622
112623
112624
112625
112626
112627
112628
112656
112657
112658
112662
112663
112664
112665
112666
112667
112701
112702
112703
112734
112735
112736
112749
112750
112751
112788
112789
112790
112824
112825
112826
112839
112840
112841
112863
112864
112865
112875
112876
112877
112920
112921
112922
112923
112924
112925
112953
112954
112962
112963
113004
113005
113006
113010
113011
113012
113040
113041
113043
113044
113049
113050
113051
113076
113077
113078
113082
113083
113084
113088
113089
113090
113118
113119
113120
113121
113122
113123
113124
113125
113126
113154
113155
113156
113160
113161
113162
113169
113170
113171
113202
113203
113204
113244
113245
113246
113256
113257
113258
113286
113287
113288
113292
113293
113294
113295
113296
113297
113322
113323
113324
113334
113335
113336
113382
113383
113384
113412
113413
113414
113418
113419
113420
113460
113461
113462
113463
113464
113465
113469
113470
113471
113493
113494
113502
113503
113511
113512
113513
113538
113539
113544
113545
113546
113547
113548
113574
113575
113576
113586
113587
113588
113616
113617
113618
113625
113626
113627
113658
113659
113660
113664
113665
113666
113667
113668
113669
113700
113701
113702
113706
113707
113708
113709
113710
113711
113742
113743
113744
113745
113746
113747
113751
113752
113753
113784
113785
113786
113790
113791
113792
113826
113827
113828
113829
113830
113831
113835
113836
113837
113868
113869
113870
113874
113875
113876
113907
113909
113916
113918
113925
113926
113927
113952
113953
113954
113964
113965
113966
113991
113993
114000
114002
114003
114004
114005
114030
114031
114032
114036
114037
114038
114045
114046
114047
114072
114073
114074
114075
114076
114077
114081
114082
114083
114105
114106
114107
114108
114109
114110
114156
114157
114158
114204
114206
114210
114211
114212
114213
114215
114246
114247
114248
114261
114262
114263
114288
114289
114290
114294
114295
114296
114303
114304
114305
114330
114331
114332
114333
114334
114335
114339
114340
114341
114366
114367
114368
114372
114373
114374
114378
114379
114380
114408
114409
114410
114411
114412
114413
114414
114415
114416
114444
114445
114446
114459
114460
114461
114492
114493
114494
114498
114499
114500
114537
114538
114539
114540
114541
114542
114576
114577
114578
114582
114583
114584
114618
114619
114620
114624
114625
114626
114654
114655
114656
114669
114670
114671
114702
114703
114704
114708
114709
114710
114735
114736
114737
114738
114739
114740
114786
114787
114788
114789
114790
114791
114792
114793
114794
114822
114823
114824
114828
114829
114830
114837
114838
114839
114864
114865
114866
114870
114871
114872
114879
114880
114881
114906
114907
114908
114912
114913
114914
114921
114922
114923
114963
114964
114965
114996
114997
114998
114999
115000
115001
115032
115033
115034
115038
115039
115040
115074
115075
115076
115080
115081
115082
115113
115114
115115
115116
115117
115118
115146
115147
115148
115152
115153
115154
115155
115156
115157
115182
115183
115184
115191
115192
115193
115230
115231
115232
115236
115237
115238
115272
115273
115274
115275
115276
115277
115278
115279
115280
115308
115309
115310
115311
115312
115313
115314
115315
115316
115341
115343
115350
115352
115353
115354
115355
115383
115385
115392
115394
115395
115396
115397
115422
115423
115424
115428
115429
115430
115434
115435
115436
115464
115465
115466
115470
115471
115472
115473
115474
115475
115512
115513
115514
115518
115519
115520
115548
115549
115550
115554
115555
115556
115557
115558
115559
115599
115600
115601
115635
115636
115637
115680
115681
115682
115683
115684
115685
115686
115687
115688
115719
115720
115721
115725
115726
115727
115752
115753
115754
115767
115768
115769
115794
115795
115796
115800
115801
115802
115803
115804
115805
115836
115837
115838
115839
115840
115841
115842
115843
115844
115869
115870
115871
115875
115877
115887
115889
115911
115912
115913
115914
115915
115916
115917
115919
115920
115922
115965
115966
115967
115992
115993
115994
115998
115999
116000
116004
116005
116006
116034
116035
116036
116043
116044
116045
116076
116077
116078
116082
116083
116084
116085
116086
116087
116112
116113
116114
116118
116119
116120
116127
116128
116129
116154
116155
116156
116169
116170
116171
116199
116200
116201
116205
116206
116207
116232
116233
116234
116280
116281
116282
116286
116287
116288
116295
116296
116297
116328
116329
116330
116367
116368
116369
116370
116371
116372
116373
116374
116375
116400
116401
116402
116403
116404
116405
116406
116407
116408
116436
116437
116438
116442
116443
116444
116451
116452
116453
116478
116479
116480
116490
116491
116492
116532
116533
116534
116538
116539
116540
116577
116578
116579
116580
116581
116582
116610
116611
116612
116616
116617
116618
116619
116620
116621
116652
116653
116654
116661
116662
116663
116694
116695
116696
116700
116701
116702
116706
116707
116708
116733
116734
116735
116742
116743
116744
116745
116746
116747
116775
116776
116777
116778
116779
116780
116781
116782
116783
116808
116809
116810
116817
116818
116819
116856
116857
116858
116862
116863
116864
116892
116893
116894
116895
116896
116897
116898
116899
116900
116934
116935
116936
116940
116941
116942
116976
116977
116978
116982
116983
116984
117012
117013
117014
117018
117019
117020
117021
117022
117023
117048
117050
117054
117055
117056
117063
117065
117090
117091
117092
117093
117094
117095
117099
117100
117101
117126
117127
117128
117132
117133
117134
117135
117136
117137
117168
117169
117170
117174
117175
117176
117177
117178
117179
117210
117211
117212
117213
117214
117215
117219
117220
117221
117246
117247
117248
117255
117256
117257
117297
117298
117299
117303
117304
117305
117336
117337
117338
117342
117343
117344
117348
117349
117350
117384
117385
117386
117387
117388
117389
117414
117415
117416
117429
117430
117431
117456
117458
117462
117463
117464
117465
117467
117489
117490
117491
117492
117493
117494
117495
117497
117501
117503
117531
117532
117533
117534
117535
117536
117540
117541
117542
117576
117577
117578
117579
117580
117581
117585
117586
117587
117612
117613
117614
117624
117625
117626
117660
117661
117662
117669
117670
117671
117702
117703
117704
117705
117706
117707
117711
117712
117713
117741
117742
117743
117747
117748
117749
117780
117781
117782
117789
117790
117791
117822
117823
117824
117828
117829
117830
117864
117865
117866
117870
117871
117872
117873
117874
117875
117900
117901
117902
117906
117907
117908
117912
117913
117914
117948
117949
117950
117954
117955
117956
117957
117958
117959
117990
117991
117992
117996
117997
117998
117999
118000
118001
118080
118081
118082
118086
118087
118088
118089
118090
118091
118116
118117
118118
118122
118123
118124
118125
118126
118127
118155
118156
118157
118158
118159
118160
118200
118201
118202
118230
118231
118232
118233
118234
118235
118236
118237
118238
118266
118267
118268
118278
118279
118280
118314
118315
118316
118326
118327
118328
118356
118357
118358
118368
118369
118370
118404
118405
118406
118410
118411
118412
118437
118438
118446
118447
118449
118450
118451
118482
118483
118484
118485
118486
118487
118512
118513
118514
118527
118528
118529
118560
118561
118562
118566
118567
118568
118608
118609
118610
118635
118636
118637
118638
118639
118640
118641
118642
118643
118671
118672
118673
118677
118678
118679
118716
118717
118718
118719
118720
118721
118743
118744
118745
118749
118750
118761
118762
118785
118786
118787
118788
118789
118790
118791
118792
118793
118818
118819
118820
118830
118831
118832
118860
118861
118862
118875
118876
118877
118902
118903
118904
118914
118915
118916
118953
118954
118955
118959
118960
118961
118998
118999
119000
119001
119002
119003
119025
119026
119027
119028
119029
119030
119031
119032
119033
119058
119059
119060
119061
119062
119063
119067
119068
119069
119106
119107
119108
119139
119140
119141
119142
119143
119144
119145
119146
119147
119172
119173
119174
119175
119176
119177
119178
119179
119180
119208
119209
119210
119217
119218
119219
119250
119251
119252
119256
119257
119258
119265
119266
119267
119292
119293
119294
119298
119299
119300
119307
119308
119309
119379
119380
119381
119385
119386
119387
119388
119389
119390
119421
119422
119423
119430
119431
119432
119460
119461
119462
119466
119467
119468
119469
119470
119471
119496
119497
119498
119508
119509
119510
119544
119545
119546
119553
119554
119555
119601
119602
119603
119640
119641
119642
119682
119683
119684
119685
119686
119687
119715
119716
119717
119724
119725
119726
119727
119728
119729
119751
119752
119753
119754
119755
119756
119757
119758
119759
119784
119785
119786
119799
119800
119801
119827
119828
119830
119831
119838
119839
119840
119865
119866
119867
119872
119873
119878
119879
119922
119923
119924
119949
119950
119951
119952
119953
119954
119955
119956
119957
119982
119983
119984
119997
119998
119999
120024
120025
120026
120030
120031
120032
120033
120034
120035
120066
120067
120068
120072
120073
120074
120108
120109
120110
120114
120115
120116
120123
120124
120125
120156
120157
120158
120159
120160
120161
120189
120190
120198
120199
120237
120238
120239
120240
120241
120243
120244
120267
120268
120270
120271
120272
120273
120274
120300
120301
120302
120306
120307
120308
120309
120310
120311
120342
120343
120344
120348
120349
120350
120378
120379
120380
120384
120385
120386
120387
120388
120389
120420
120421
120422
120426
120427
120428
120432
120433
120434
120468
120469
120470
120471
120472
120473
120504
120505
120506
120510
120511
120512
120513
120514
120515
120546
120547
120548
120558
120559
120560
120600
120601
120602
120633
120634
120635
120642
120643
120644
120681
120682
120683
120684
120685
120686
120687
120688
120689
120720
120721
120722
120726
120727
120728
120762
120763
120764
120765
120766
120767
120792
120793
120794
120798
120799
120800
120855
120856
120857
120879
120880
120881
120882
120883
120884
120885
120886
120887
120891
120892
120893
120918
120919
120920
120930
120931
120932
120957
120958
120959
120960
120961
120962
120975
120976
120977
121002
121003
121004
121011
121012
121013
121056
121057
121058
121089
121090
121091
121092
121093
121094
121122
121123
121124
121170
121171
121172
121173
121174
121175
121176
121177
121178
121206
121207
121208
121215
121216
121217
121248
121249
121250
121251
121252
121253
121254
121255
121256
121284
121285
121286
121296
121297
121298
121332
121333
121334
121338
121339
121340
121341
121342
121343
121377
121378
121379
121380
121381
121382
121416
121417
121418
121422
121423
121424
121452
121453
121454
121455
121456
121457
121461
121462
121463
121494
121495
121496
121500
121501
121502
121530
121531
121532
121536
121537
121538
121539
121540
121541
121567
121568
121572
121573
121574
121576
121577
121599
121600
121601
121653
121654
121655
121659
121660
121661
121686
121687
121688
121701
121702
121703
121731
121732
121733
121737
121738
121739
121761
121762
121763
121764
121765
121766
121767
121768
121769
121794
121795
121796
121800
121801
121802
121803
121804
121805
121833
121834
121835
121845
121846
121847
121878
121879
121880
121881
121882
121883
121908
121909
121910
121917
121918
121919
121950
121951
121953
121954
121955
121956
121957
121983
121984
121986
121987
121989
121990
121991
122016
122017
122018
122019
122020
122021
122025
122026
122027
122053
122054
122058
122059
122060
122062
122063
122088
122089
122090
122100
122101
122102
122136
122137
122138
122139
122140
122141
122142
122143
122144
122172
122173
122174
122184
122185
122186
122217
122218
122219
122220
122221
122222
122250
122251
122252
122256
122257
122258
122262
122263
122264
122298
122299
122300
122304
122305
122306
122307
122308
122309
122343
122344
122345
122346
122347
122348
122355
122356
122357
122394
122395
122396
122430
122431
122432
122433
122434
122435
122466
122467
122468
122472
122473
122474
122502
122503
122504
122505
122506
122507
122508
122509
122510
122583
122584
122585
122586
122587
122588
122589
122590
122591
122616
122617
122618
122619
122620
122621
122622
122623
122624
122658
122659
122660
122664
122665
122666
122700
122701
122702
122706
122707
122708
122712
122713
122714
122742
122743
122744
122748
122749
122750
122751
122752
122753
122784
122785
122786
122787
122788
122789
122826
122827
122828
122832
122833
122834
122862
122863
122864
122871
122872
122873
122904
122905
122906
122913
122914
122915
122952
122953
122954
122955
122956
122957
122994
122995
122996
123030
123031
123032
123037
123038
123043
123044
123072
123073
123074
123079
123080
123085
123086
123111
123112
123113
123114
123115
123116
123118
123119
123121
123122
123150
123151
123152
123153
123154
123155
123156
123157
123158
123186
123187
123188
123234
123235
123236
123249
123250
123251
123279
123280
123281
123282
123283
123284
123321
123322
123323
123354
123355
123356
123360
123361
123362
123363
123364
123365
123390
123391
123392
123396
123397
123398
123399
123400
123401
123432
123433
123434
123438
123439
123440
123444
123445
123446
123474
123475
123476
123480
123481
123482
123489
123490
123491
123516
123517
123518
123519
123520
123521
123522
123523
123524
123552
123553
123554
123567
123568
123569
123594
123595
123596
123597
123598
123599
123603
123604
123605
123627
123628
123629
123630
123631
123632
123636
123637
123638
123678
123679
123680
123681
123682
123683
123687
123688
123689
123720
123721
123722
123726
123727
123728
123756
123757
123758
123762
123763
123764
123771
123772
123773
123798
123799
123800
123810
123811
123812
123840
123841
123842
123846
123847
123848
123849
123850
123851
123882
123883
123884
123888
123889
123890
123918
123919
123920
123924
123925
123926
123927
123928
123929
123957
123958
123959
123960
123961
123962
123990
123991
123992
123993
123994
123995
123999
124000
124001
124032
124033
124034
124038
124039
124040
124071
124072
124073
124077
124078
124079
124119
124120
124121
124152
124153
124154
124155
124156
124157
124179
124180
124181
124182
124183
124184
124191
124192
124193
124224
124225
124226
124227
124228
124229
124230
124231
124232
124260
124261
124262
124266
124267
124268
124272
124273
124274
124308
124309
124310
124314
124315
124316
124344
124345
124346
124350
124351
124352
124353
124354
124355
124380
124381
124382
124386
124387
124388
124389
124390
124391
124416
124417
124418
124431
124432
124433
124458
124459
124460
124464
124465
124466
124473
124474
124475
124500
124501
124502
124503
124504
124505
124509
124510
124511
124536
124537
124538
124545
124546
124547
124578
124579
124580
124581
124582
124583
124587
124588
124589
124614
124615
124616
124620
124621
124622
124626
124627
124628
124656
124657
124658
124662
124663
124664
124665
124666
124667
124698
124699
124700
124713
124714
124715
124740
124741
124742
124743
124744
124745
124746
124747
124748
124776
124777
124778
124782
124783
124784
124785
124786
124787
124818
124819
124820
124821
124822
124823
124824
124825
124826
124854
124855
124856
124860
124861
124862
124869
124870
124871
124896
124897
124898
124902
124903
124904
124908
124909
124910
124938
124939
124940
124944
124945
124946
124950
124951
124952
124986
124987
124988
124995
124996
124997
125028
125029
125030
125031
125032
125033
125058
125059
125060
125064
125065
125066
125106
125107
125108
125157
125158
125159
125163
125164
125165
125205
125206
125207
125232
125233
125234
125247
125248
125249
125277
125278
125279
125283
125284
125285
125313
125314
125315
125319
125320
125321
125346
125347
125348
125349
125350
125351
125355
125356
125357
125385
125386
125387
125397
125398
125399
125424
125425
125426
125439
125440
125441
125478
125479
125480
125505
125506
125507
125508
125509
125510
125511
125512
125513
125544
125545
125546
125553
125554
125555
125583
125584
125585
125586
125587
125588
125616
125617
125618
125619
125620
125621
125622
125623
125624
125655
125656
125657
125658
125659
125660
125694
125695
125696
125700
125701
125702
125742
125743
125744
125781
125782
125783
125787
125788
125789
125814
125815
125816
125817
125818
125819
125820
125821
125822
125847
125848
125849
125856
125857
125858
125859
125860
125861
125883
125884
125885
125886
125887
125888
125889
125890
125891
125916
125917
125918
125925
125926
125927
125967
125968
125969
126006
126007
126008
126012
126013
126014
126048
126049
126050
126051
126052
126053
126090
126091
126092
126132
126133
126134
126162
126163
126164
126165
126166
126167
126171
126172
126173
126195
126196
126197
126198
126199
126200
126201
126202
126203
126273
126274
126275
126276
126277
126278
126279
126280
126281
126303
126304
126305
126306
126307
126308
126309
126310
126311
126339
126340
126341
126342
126343
126344
126372
126373
126374
126378
126379
126380
126426
126427
126428
126435
126436
126437
126462
126463
126464
126465
126466
126467
126468
126469
126470
126513
126514
126515
126543
126544
126545
126546
126547
126548
126573
126574
126575
126576
126577
126578
126579
126580
126581
126609
126610
126611
126615
126616
126617
126645
126646
126647
126648
126649
126650
126684
126685
126686
126690
126691
126692
126726
126727
126728
126729
126730
126731
126759
126760
126761
126762
126763
126764
126798
126799
126800
126801
126802
126803
126825
126826
126827
126828
126829
126830
126831
126832
126833
126861
126862
126863
126867
126868
126869
126894
126895
126896
126897
126898
126899
126900
126901
126902
126936
126937
126938
126939
126940
126941
126972
126973
126974
126975
126976
126977
127002
127003
127004
127005
127006
127007
127011
127012
127013
127047
127048
127049
127095
127096
127097
127119
127120
127121
127125
127126
127127
127131
127132
127133
127164
127165
127166
127170
127171
127172
127200
127201
127202
127206
127207
127208
127209
127210
127211
127242
127243
127244
127248
127249
127250
127290
127291
127292
127293
127294
127295
127299
127300
127301
127329
127330
127331
127335
127336
127337
127368
127369
127370
127371
127372
127373
127407
127408
127409
127410
127411
127412
127437
127438
127439
127440
127441
127442
127443
127444
127445
127470
127471
127472
127476
127477
127478
127479
127480
127481
127518
127519
127520
127527
127528
127529
127569
127570
127571
127599
127600
127601
127605
127606
127607
127635
127636
127637
127638
127639
127640
127641
127642
127643
127683
127684
127685
127707
127708
127709
127710
127711
127712
127713
127714
127715
127743
127744
127745
127746
127747
127748
127782
127783
127784
127788
127789
127790
127818
127819
127820
127824
127825
127826
127827
127828
127829
127860
127861
127862
127863
127864
127865
127896
127897
127898
127938
127939
127940
127950
127951
127952
127980
127981
127982
127983
127984
127985
127989
127990
127991
128022
128023
128024
128028
128029
128030
128058
128059
128060
128070
128071
128072
128097
128098
128099
128100
128101
128102
128103
128104
128105
128142
128143
128144
128172
128173
128174
128175
128176
128177
128181
128182
128183
128211
128212
128213
128223
128224
128225
128247
128248
128249
128250
128251
128252
128253
128254
128255
128286
128287
128288
128289
128290
128291
128325
128326
128327
128328
128329
128330
128358
128359
128360
128373
128374
128375
128400
128401
128402
128403
128404
128405
128409
128410
128411
128442
128443
128444
128484
128485
128486
128487
128488
128489
128493
128494
128495
128520
128521
128522
128526
128527
128528
128529
128530
128531
128568
128569
128570
128604
128605
128606
128607
128608
128609
128610
128611
128612
128637
128638
128639
128640
128641
128642
128643
128644
128645
128682
128683
128684
128724
128725
128726
128727
128728
128729
128754
128755
128756
128760
128761
128762
128763
128764
128765
128790
128791
128792
128796
128797
128798
128799
128800
128801
128832
128833
128834
128835
128836
128837
128841
128842
128843
128868
128869
128870
128913
128914
128915
128916
128917
128918
128919
128920
128921
128958
128959
128960
128985
128986
128987
128994
128995
128996
128997
128998
128999
129024
129025
129026
129036
129037
129038
129072
129073
129074
129075
129076
129077
129102
129103
129104
129105
129106
129107
129108
129109
129110
129147
129148
129149
129186
129187
129188
129189
129190
129191
129213
129214
129215
129216
129217
129218
129219
129220
129221
129258
129259
129260
129300
129301
129302
129309
129310
129311
129336
129337
129338
129351
129352
129353
129378
129379
129380
129381
129382
129383
129387
129388
129389
129411
129412
129413
129414
129415
129416
129417
129418
129419
129444
129445
129446
129450
129451
129452
129453
129454
129455
129480
129481
129482
129486
129487
129488
129489
129490
129491
129519
129520
129521
129522
129523
129524
129558
129559
129560
129561
129562
129563
129591
129592
129593
129594
129595
129596
129597
129598
129599
129621
129622
129623
129624
129625
129626
129627
129628
129629
129657
129658
129659
129702
129703
129704
129705
129706
129707
129708
129709
129710
129735
129736
129737
129738
129739
129740
129741
129742
129743
129768
129769
129770
129780
129781
129782
129816
129817
129818
129822
129823
129824
129852
129853
129854
129858
129859
129860
129861
129862
129863
129885
129886
129887
129888
129889
129890
129891
129892
129893
129921
129922
129923
129927
129928
129929
129951
129952
129953
129954
129955
129956
129957
129958
129959
129981
129982
129983
129984
129985
129986
129987
129988
129989
130014
130015
130016
130068
130069
130070
130077
130078
130079
130107
130108
130109
130110
130111
130112
130140
130141
130142
130143
130144
130145
130149
130150
130151
130179
130180
130181
130182
130183
130184
130218
130219
130220
130221
130222
130223
130248
130249
130250
130257
130258
130259
130293
130294
130295
130299
130300
130301
130329
130330
130331
130332
130333
130334
130365
130366
130367
130368
130369
130370
130395
130396
130397
130398
130399
130400
130401
130402
130403
130425
130426
130427
130428
130429
130430
130431
130432
130433
130461
130462
130463
130464
130465
130466
130539
130540
130541
130542
130543
130544
130545
130546
130547
130578
130579
130580
130584
130585
130586
130614
130615
130616
130617
130618
130619
130620
130621
130622
130647
130648
130649
130650
130651
130652
130653
130654
130655
130677
130678
130679
130680
130681
130682
130683
130684
130685
130713
130714
130715
130719
130720
130721
130743
130744
130745
130746
130747
130748
130749
130750
130751
130773
130774
130775
130776
130777
130778
130779
130780
130781
130809
130810
130811
130812
130813
130814
130842
130843
130844
130845
130846
130847
130848
130849
130850
130878
130879
130880
130881
130882
130883
130884
130885
130886
130911
130912
130913
130914
130915
130916
130917
130918
130919
130947
130948
130949
130953
130954
130955
130983
130984
130985
130989
130990
130991
131013
131014
131015
131016
131017
131018
131019
131020
131021
131046
131047
131048
131058
131059
131060
131091
131092
131093
131106
131107
131108
131133
131134
131135
131136
131137
131138
131139
131140
131141
131166
131167
131168
131169
131170
131171
131172
131173
131174
131208
131209
131210
131211
131212
131213
131241
131242
131243
131244
131245
131246
131247
131248
131249
131277
131278
131279
131280
131281
131282
131316
131317
131318
131319
131320
131321
131346
131347
131348
131349
131350
131351
131352
131353
131354
131388
131389
131390
131394
131395
131396
131427
131428
131429
131430
131431
131432
131460
131461
131462
131463
131464
131465
131466
131467
131468
131496
131497
131498
131499
131500
131501
131502
131503
131504
131538
131539
131540
131541
131542
131543
131565
131566
131567
131577
131578
131579
131607
131608
131609
131610
131611
131612
131613
131614
131615
131637
131638
131639
131640
131641
131642
131643
131644
131645
131670
131671
131672
131676
131677
131678
131682
131683
131684
131724
131725
131726
131751
131752
131753
131754
131755
131756
131757
131758
131759
131790
131791
131792
131793
131794
131795
131826
131827
131828
131829
131830
131831
131853
131854
131855
131856
131857
131858
131859
131860
131861
131889
131890
131891
131892
131893
131894
131928
131929
131930
131937
131938
131939
131967
131968
131969
131973
131974
131975
132000
132001
132002
132003
132004
132005
132009
132010
132011
132042
132043
132044
132048
132049
132050
132084
132085
132086
132087
132088
132089
132117
132118
132119
132120
132121
132122
132150
132151
132152
132153
132154
132155
132159
132160
132161
132192
132193
132194
132195
132196
132197
132270
132271
132272
132276
132277
132278
132279
132280
132281
132306
132307
132308
132309
132310
132311
132312
132313
132314
132339
132340
132341
132342
132343
132344
132345
132346
132347
132369
132370
132371
132372
132373
132374
132375
132376
132377
132405
132406
132407
132411
132412
132413
132438
132439
132440
132444
132445
132446
132453
132454
132455
132480
132481
132482
132486
132487
132488
132489
132490
132491
132528
132529
132530
132567
132568
132569
132573
132574
132575
132597
132598
132599
132600
132601
132602
132606
132607
132608
132648
132649
132650
132654
132655
132656
132657
132658
132659
132684
132685
132686
132690
132691
132692
132693
132694
132695
132723
132724
132725
132729
132730
132731
132768
132769
132770
132810
132811
132812
132813
132814
132815
132837
132838
132839
132840
132841
132842
132843
132844
132845
132873
132874
132875
132876
132877
132878
132909
132910
132911
132912
132913
132914
132942
132943
132944
132945
132946
132947
132951
132952
132953
132993
132994
132995
133017
133018
133019
133020
133021
133022
133023
133024
133025
133047
133048
133049
133056
133057
133058
133059
133060
133061
133083
133084
133085
133086
133087
133088
133089
133090
133091
133113
133114
133115
133122
133123
133124
133125
133126
133127
133149
133150
133151
133152
133153
133154
133155
133156
133157
133182
133183
133184
133185
133186
133187
133191
133192
133193
133221
133222
133223
133227
133228
133229
133254
133255
133256
133257
133258
133259
133263
133264
133265
133287
133288
133289
133290
133291
133292
133293
133294
133295
133326
133327
133328
133332
133333
133334
133362
133363
133364
133365
133366
133367
133368
133369
133370
133395
133396
133397
133398
133399
133400
133401
133402
133403
133428
133429
133430
133479
133480
133481
133485
133486
133487
133512
133513
133514
133515
133516
133517
133521
133522
133523
133551
133552
133553
133557
133558
133559
133587
133588
133589
133593
133594
133595
133620
133621
133622
133623
133624
133625
133629
133630
133631
133653
133654
133655
133656
133657
133658
133659
133660
133661
133683
133684
133685
133686
133687
133688
133689
133690
133691
133716
133717
133718
133722
133723
133724
133728
133729
133730
133758
133759
133760
133761
133762
133763
133764
133765
133766
133791
133792
133793
133794
133795
133796
133797
133798
133799
133827
133828
133829
133830
133831
133832
133905
133906
133907
133908
133909
133910
133911
133912
133913
133935
133936
133937
133938
133939
133940
133941
133942
133943
133968
133969
133970
134013
134014
134015
134016
134017
134018
134022
134023
134024
134031
134032
134033
134058
134059
134060
134061
134062
134063
134067
134068
134069
134091
134092
134093
134097
134098
134099
134100
134101
134102
134130
134131
134132
134133
134134
134135
134139
134140
134141
134214
134215
134216
134220
134221
134222
134223
134224
134225
134259
134260
134261
134295
134296
134297
134298
134299
134300
134325
134326
134327
134328
134329
134330
134331
134332
134333
134355
134356
134357
134358
134359
134360
134361
134362
134363
134394
134395
134396
134397
134398
134399
134424
134425
134426
134430
134431
134432
134433
134434
134435
134457
134458
134459
134460
134461
134462
134463
134464
134465
134490
134491
134492
134496
134497
134498
134499
134500
134501
134532
134533
134534
134538
134539
134540
134574
134575
134576
134580
134581
134582
134610
134611
134612
134616
134617
134618
134619
134620
134621
134652
134653
134654
134655
134656
134657
134658
134659
134660
134685
134686
134687
134691
134692
134693
134694
134695
134696
134721
134722
134723
134724
134725
134726
134727
134728
134729
134760
134761
134762
134763
134764
134765
134796
134797
134798
134799
134800
134801
134823
134824
134825
134826
134827
134828
134829
134830
134831
134859
134860
134861
134865
134866
134867
134895
134896
134897
134907
134908
134909
134937
134938
134939
134949
134950
134951
134973
134974
134975
134976
134977
134978
134979
134980
134981
135009
135010
135011
135012
135013
135014
135042
135043
135044
135051
135052
135053
135084
135085
135086
135087
135088
135089
135090
135091
135092
135120
135121
135122
135126
135127
135128
135132
135133
135134
135168
135169
135170
135180
135181
135182
135210
135211
135212
135222
135223
135224
135258
135259
135260
135264
135265
135266
135267
135268
135269
135294
135295
135296
135300
135301
135302
135306
135307
135308
135336
135337
135338
135339
135340
135341
135345
135346
135347
135375
135376
135377
135381
135382
135383
135414
135415
135416
135417
135418
135419
135447
135448
135449
135450
135451
135452
135453
135454
135455
135480
135481
135482
135483
135484
135485
135489
135490
135491
135519
135520
135521
135522
135523
135524
135531
135532
135533
135558
135559
135560
135564
135565
135566
135570
135571
135572
135609
135610
135611
135639
135640
135641
135651
135652
135653
135690
135691
135692
135693
135694
135695
135723
135724
135725
135729
135730
135731
135756
135757
135758
135762
135763
135764
135765
135766
135767
135789
135790
135791
135792
135793
135794
135795
135796
135797
135819
135820
135821
135822
135823
135824
135825
135826
135827
135852
135853
135854
135864
135865
135866
135900
135901
135902
135906
135907
135908
135909
135910
135911
135942
135943
135944
135951
135952
135953
135990
135991
135992
136020
136021
136022
136026
136027
136028
136035
136036
136037
136062
136063
136064
136068
136069
136070
136071
136072
136073
136101
136102
136103
136104
136105
136106
136140
136141
136142
136143
136144
136145
136170
136171
136172
136176
136177
136178
136179
136180
136181
136206
136207
136208
136215
136216
136217
136260
136261
136262
136293
136294
136295
136305
136306
136307
136335
136336
136337
136338
136339
136340
136365
136366
136367
136368
136369
136370
136371
136372
136373
136395
136396
136397
136398
136399
136400
136401
136402
136403
136434
136435
136436
136440
136441
136442
136467
136468
136469
136470
136471
136472
136482
136483
136484
136518
136519
136520
136524
136525
136526
136551
136552
136553
136554
136555
136556
136557
136558
136559
136587
136588
136589
136593
136594
136595
136632
136633
136634
136635
136636
136637
136659
136660
136661
136662
136663
136664
136665
136666
136667
136695
136696
136697
136698
136699
136700
136734
136735
136736
136740
136741
136742
136773
136774
136775
136776
136777
136778
136806
136807
136808
136812
136813
136814
136815
136816
136817
136860
136861
136862
136887
136888
136889
136890
136891
136892
136893
136894
136895
136917
136918
136919
136920
136921
136922
136932
136933
136934
136965
136966
136967
136971
136972
136973
137001
137002
137003
137007
137008
137009
137031
137032
137033
137037
137038
137039
137043
137044
137045
137073
137074
137075
137079
137080
137081
137103
137104
137105
137118
137119
137120
137151
137152
137153
137157
137158
137159
137190
137191
137192
137193
137194
137195
137223
137224
137225
137226
137227
137228
137229
137230
137231
137259
137260
137261
137265
137266
137267
137307
137308
137309
137331
137332
137333
137334
137335
137336
137337
137338
137339
137379
137380
137381
137406
137407
137408
137409
137410
137411
137415
137416
137417
137442
137443
137444
137445
137446
137447
137448
137449
137450
137454
137455
137456
137487
137488
137489
137490
137491
137492
137523
137524
137525
137565
137566
137567
137568
137569
137570
137571
137572
137573
137607
137608
137609
137640
137641
137642
137643
137644
137645
137649
137650
137651
137676
137677
137678
137682
137683
137684
137685
137686
137687
137718
137719
137720
137721
137722
137723
137727
137728
137729
137754
137755
137756
137757
137758
137759
137763
137764
137765
137796
137797
137798
137799
137800
137801
137832
137833
137834
137835
137836
137837
137841
137842
137843
137868
137869
137870
137874
137875
137876
137883
137884
137885
137916
137917
137918
137919
137920
137921
137943
137944
137945
137946
137947
137948
137949
137950
137951
137973
137974
137975
137976
137977
137978
137979
137980
137981
138021
138022
138023
138048
138049
138050
138054
138055
138056
138057
138058
138059
138087
138088
138089
138093
138094
138095
138117
138118
138119
138120
138121
138122
138123
138124
138125
138153
138154
138155
138159
138160
138161
138183
138184
138185
138186
138187
138188
138189
138190
138191
138213
138214
138215
138216
138217
138218
138219
138220
138221
138258
138259
138260
138294
138295
138296
138297
138298
138299
138327
138328
138329
138339
138340
138341
138369
138370
138371
138372
138373
138374
138405
138406
138407
138411
138412
138413
138438
138439
138440
138453
138454
138455
138486
138487
138488
138489
138490
138491
138531
138532
138533
138558
138559
138560
138561
138562
138563
138567
138568
138569
138591
138592
138593
138594
138595
138596
138597
138598
138599
138621
138622
138623
138624
138625
138626
138639
138640
138641
138666
138667
138668
138669
138670
138671
138672
138673
138674
138702
138703
138704
138708
138709
138710
138711
138712
138713
138738
138739
138740
138741
138742
138743
138744
138745
138746
138777
138778
138779
138780
138781
138782
138807
138808
138809
138810
138811
138812
138813
138814
138815
138840
138841
138842
138843
138844
138845
138846
138847
138848
138873
138874
138875
138876
138877
138878
138879
138880
138881
138909
138910
138911
138912
138913
138914
138948
138949
138950
138951
138952
138953
138981
138982
138983
138984
138985
138986
138987
138988
138989
139026
139027
139028
139059
139060
139061
139062
139063
139064
139095
139096
139097
139101
139102
139103
139131
139132
139133
139134
139135
139136
139137
139138
139139
139164
139165
139166
139167
139168
139169
139173
139174
139175
139197
139198
139199
139200
139201
139202
139203
139204
139205
139236
139237
139238
139239
139240
139241
139269
139270
139271
139275
139276
139277
139311
139312
139313
139344
139345
139346
139350
139351
139352
139353
139354
139355
139377
139378
139379
139380
139381
139382
139392
139393
139394
139434
139435
139436
139470
139471
139472
139473
139474
139475
139500
139501
139502
139503
139504
139505
139509
139510
139511
139533
139534
139535
139536
139537
139538
139545
139546
139547
139578
139579
139580
139581
139582
139583
139584
139585
139586
139614
139615
139616
139617
139618
139619
139620
139621
139622
139659
139660
139661
139704
139705
139706
139731
139732
139733
139734
139735
139736
139737
139738
139739
139770
139771
139772
139773
139774
139775
139803
139804
139805
139806
139807
139808
139839
139840
139841
139845
139846
139847
139875
139876
139877
139878
139879
139880
139908
139909
139910
139911
139912
139913
139917
139918
139919
139944
139945
139946
139947
139948
139949
139953
139954
139955
139986
139987
139988
139989
139990
139991
140025
140026
140027
140031
140032
140033
140070
140071
140072
140097
140098
140099
140100
140101
140102
140103
140104
140105
140127
140128
140129
140130
140131
140132
140133
140134
140135
140160
140161
140162
140163
140164
140165
140169
140170
140171
140199
140200
140201
140202
140203
140204
140229
140230
140231
140232
140233
140234
140235
140236
140237
140265
140266
140267
140268
140269
140270
140301
140302
140303
140304
140305
140306
140334
140335
140336
140340
140341
140342
140343
140344
140345
140376
140377
140378
140382
140383
140384
140385
140386
140387
140418
140419
140420
140421
140422
140423
140448
140449
140450
140451
140452
140453
140454
140455
140456
140487
140488
140489
140493
140494
140495
140517
140518
140519
140520
140521
140522
140523
140524
140525
140556
140557
140558
140559
140560
140561
140589
140590
140591
140592
140593
140594
140619
140620
140621
140622
140623
140624
140625
140626
140627
140658
140659
140660
140661
140662
140663
140688
140689
140690
140691
140692
140693
140697
140698
140699
140721
140722
140723
140724
140725
140726
140727
140728
140729
140760
140761
140762
140763
140764
140765
140787
140788
140789
140790
140791
140792
140793
140794
140795
140817
140818
140819
140823
140824
140825
140829
140830
140831
140853
140854
140855
140856
140857
140858
140859
140860
140861
140889
140890
140891
140892
140893
140894
140919
140920
140921
140934
140935
140936
140961
140962
140963
140964
140965
140966
140967
140968
140969
140994
140995
140996
141009
141010
141011
141033
141034
141035
141036
141037
141038
141039
141040
141041
141069
141070
141071
141075
141076
141077
141114
141115
141116
141141
141142
141143
141144
141145
141146
141147
141148
141149
141177
141178
141179
141180
141181
141182
141225
141226
141227
141231
141232
141233
141255
141256
141257
141306
141307
141308
141309
141310
141311
141312
141313
141314
141342
141343
141344
141345
141346
141347
141351
141352
141353
141375
141376
141377
141378
141379
141380
141381
141382
141383
141405
141406
141407
141408
141409
141410
141411
141412
141413
141447
141448
141449
141477
141478
141479
141480
141481
141482
141483
141484
141485
141507
141508
141509
141510
141511
141512
141513
141514
141515
141549
141550
141551
141579
141580
141581
141582
141583
141584
141585
141586
141587
141609
141610
141611
141612
141613
141614
141615
141616
141617
141651
141652
141653
141681
141682
141683
141684
141685
141686
141687
141688
141689
141711
141712
141713
141714
141715
141716
141717
141718
141719
141744
141745
141746
141753
141754
141755
141795
141796
141797
141834
141835
141836
141837
141838
141839
141870
141871
141872
141873
141874
141875
141903
141904
141905
141909
141910
141911
141939
141940
141941
141945
141946
141947
141981
141982
141983
142011
142012
142013
142014
142015
142016
142017
142018
142019
142047
142048
142049
142050
142051
142052
142077
142078
142079
142080
142081
142082
142083
142084
142085
142110
142111
142112
142113
142114
142115
142116
142117
142118
142143
142144
142145
142146
142147
142148
142149
142150
142151
142176
142177
142178
142179
142180
142181
142185
142186
142187
142218
142219
142220
142221
142222
142223
142245
142246
142247
142251
142252
142253
142254
142255
142256
142281
142282
142283
142284
142285
142286
142287
142288
142289
142317
142318
142319
142323
142324
142325
142350
142351
142352
142353
142354
142355
142359
142360
142361
142383
142384
142385
142386
142387
142388
142389
142390
142391
142419
142420
142421
142422
142423
142424
142449
142450
142451
142455
142456
142457
142461
142462
142463
142488
142489
142490
142500
142501
142502
142539
142540
142541
142542
142543
142544
142551
142552
142553
142578
142579
142580
142584
142585
142586
142587
142588
142589
142611
142612
142613
142614
142615
142616
142617
142618
142619
142656
142657
142658
142692
142693
142694
142698
142699
142700
142701
142702
142703
142728
142729
142730
142734
142735
142736
142737
142738
142739
142764
142765
142766
142770
142771
142772
142773
142774
142775
142797
142798
142799
142800
142801
142802
142803
142804
142805
142827
142828
142829
142830
142831
142832
142833
142834
142835
142860
142861
142862
142863
142864
142865
142866
142867
142868
142893
142894
142895
142896
142897
142898
142899
142900
142901
142923
142924
142925
142926
142927
142928
142929
142930
142931
142953
142954
142955
142956
142957
142958
142959
142960
142961
142992
142993
142994
142995
142996
142997
143031
143032
143033
143067
143068
143069
143070
143071
143072
143097
143098
143099
143100
143101
143102
143103
143104
143105
143133
143134
143135
143136
143137
143138
143163
143164
143165
143166
143167
143168
143169
143170
143171
143211
143212
143213
143241
143242
143243
143253
143254
143255
143283
143284
143285
143289
143290
143291
143313
143314
143315
143316
143317
143318
143319
143320
143321
143349
143350
143351
143355
143356
143357
143379
143380
143381
143382
143383
143384
143385
143386
143387
143415
143416
143417
143421
143422
143423
143454
143455
143456
143460
143461
143462
143490
143491
143492
143502
143503
143504
143529
143530
143531
143532
143533
143534
143535
143536
143537
143565
143566
143567
143568
143569
143570
143607
143608
143609
143610
143611
143612
143613
143614
143615
143643
143644
143645
143649
143650
143651
143676
143677
143678
143691
143692
143693
143733
143734
143735
143757
143758
143759
143760
143761
143762
143763
143764
143765
143790
143791
143792
143793
143794
143795
143796
143797
143798
143826
143827
143828
143829
143830
143831
143832
143833
143834
143865
143866
143867
143868
143869
143870
143871
143872
143873
143919
143920
143921
143949
143950
143951
143952
143953
143954
143988
143989
143990
143991
143992
143993
144021
144022
144023
144024
144025
144026
144054
144055
144056
144057
144058
144059
144063
144064
144065
144090
144091
144092
144096
144097
144098
144099
144100
144101
144123
144124
144125
144126
144127
144128
144129
144130
144131
144156
144157
144158
144162
144163
144164
144165
144166
144167
144192
144193
144194
144207
144208
144209
144231
144232
144233
144234
144235
144236
144237
144238
144239
144261
144262
144263
144264
144265
144266
144267
144268
144269
144294
144295
144296
144303
144304
144305
144339
144340
144341
144345
144346
144347
144384
144385
144386
144411
144412
144413
144414
144415
144416
144417
144418
144419
144441
144442
144443
144444
144445
144446
144447
144448
144449
144477
144478
144479
144480
144481
144482
144525
144526
144527
144549
144550
144551
144552
144553
144554
144555
144556
144557
144579
144580
144581
144582
144583
144584
144597
144598
144599
144621
144622
144623
144624
144625
144626
144627
144628
144629
144651
144652
144653
144654
144655
144656
144657
144658
144659
144684
144685
144686
144687
144688
144689
144693
144694
144695
144717
144718
144719
144720
144721
144722
144723
144724
144725
144747
144748
144749
144750
144751
144752
144753
144754
144755
144777
144778
144779
144780
144781
144782
144783
144784
144785
144816
144817
144818
144819
144820
144821
144843
144844
144845
144846
144847
144848
144849
144850
144851
144888
144889
144890
144915
144916
144917
144918
144919
144920
144921
144922
144923
144954
144955
144956
144957
144958
144959
144981
144982
144983
144984
144985
144986
144987
144988
144989
145020
145021
145022
145023
145024
145025
145047
145048
145049
145050
145051
145052
145053
145054
145055
145083
145084
145085
145089
145090
145091
145116
145117
145118
145119
145120
145121
145122
145123
145124
145149
145150
145151
145152
145153
145154
145155
145156
145157
145179
145180
145181
145182
145183
145184
145185
145186
145187
145215
145216
145217
145218
145219
145220
145260
145261
145262
145302
145303
145304
145332
145333
145334
145335
145336
145337
145341
145342
145343
145365
145366
145367
145368
145369
145370
145371
145372
145373
145395
145396
145397
145398
145399
145400
145401
145402
145403
145434
145435
145436
145437
145438
145439
145473
145474
145475
145503
145504
145505
145509
145510
145511
145515
145516
145517
145539
145540
145541
145542
145543
145544
145545
145546
145547
145575
145576
145577
145581
145582
145583
145605
145606
145607
145608
145609
145610
145611
145612
145613
145638
145639
145640
145653
145654
145655
145677
145678
145679
145680
145681
145682
145683
145684
145685
145707
145708
145709
145710
145711
145712
145713
145714
145715
145743
145744
145745
145746
145747
145748
145788
145789
145790
145815
145816
145817
145818
145819
145820
145821
145822
145823
145845
145846
145847
145848
145849
145850
145851
145852
145853
145875
145876
145877
145878
145879
145880
145881
145882
145883
145905
145906
145907
145908
145909
145910
145911
145912
145913
145941
145942
145943
145947
145948
145949
145971
145972
145973
145974
145975
145976
145977
145978
145979
146004
146005
146006
146016
146017
146018
146052
146053
146054
146055
146056
146057
146079
146080
146081
146082
146083
146084
146085
146086
146087
146109
146110
146111
146112
146113
146114
146115
146116
146117
146157
146158
146159
146187
146188
146189
146193
146194
146195
146217
146218
146219
146220
146221
146222
146223
146224
146225
146247
146248
146249
146250
146251
146252
146253
146254
146255
146277
146278
146279
146280
146281
146282
146283
146284
146285
146310
146311
146312
146316
146317
146318
146319
146320
146321
146346
146347
146348
146352
146353
146354
146355
146356
146357
146379
146380
146381
146382
146383
146384
146385
146386
146387
146415
146416
146417
146418
146419
146420
146445
146446
146447
146448
146449
146450
146451
146452
146453
146478
146479
146480
146481
146482
146483
146487
146488
146489
146511
146512
146513
146517
146519
146523
146525
146553
146554
146555
146556
146557
146558
146559
146561
146565
146567
146595
146596
146597
146601
146602
146603
146625
146626
146627
146628
146629
146630
146631
146632
146633
146655
146656
146657
146658
146659
146660
146667
146668
146669
146700
146701
146702
146703
146704
146705
146706
146707
146708
146736
146737
146738
146748
146749
146750
146778
146779
146780
146781
146782
146783
146784
146785
146786
146829
146830
146831
146862
146863
146864
146865
146866
146867
146892
146894
146895
146897
146904
146905
146906
146931
146932
146933
146943
146944
146945
146976
146978
146979
146980
146981
146982
146984
147009
147010
147011
147012
147013
147014
147015
147016
147017
147021
147022
147023
147045
147047
147048
147050
147051
147052
147053
147084
147085
147086
147087
147088
147089
147123
147124
147125
147126
147127
147128
147162
147163
147164
147171
147172
147173
147201
147203
147210
147212
147243
147244
147245
147246
147247
147248
147249
147250
147251
147291
147292
147293
147318
147319
147320
147324
147325
147326
147327
147328
147329
147351
147353
147357
147359
147360
147361
147362
147387
147388
147389
147405
147406
147407
147432
147434
147435
147437
147441
147442
147443
147465
147466
147467
147468
147469
147470
147471
147472
147473
147477
147478
147479
147501
147503
147504
147506
147507
147508
147509
147543
147544
147545
147582
147583
147584
147585
147586
147587
147618
147619
147620
147627
147628
147629
147658
147659
147667
147668
147699
147700
147701
147702
147703
147704
147705
147706
147707
147738
147739
147740
147747
147748
147749
147775
147776
147780
147781
147782
147784
147785
147813
147814
147815
147816
147817
147818
147819
147820
147821
147852
147853
147854
147855
147856
147857
147889
147890
147894
147895
147896
147898
147899
147927
147928
147929
147930
147931
147932
147933
147934
147935
147975
147976
147977
148002
148003
148004
148009
148010
148015
148016
148041
148042
148043
148044
148045
148046
148047
148048
148049
148071
148072
148073
148089
148090
148091
148119
148120
148121
148125
148126
148127
148150
148151
148155
148156
148157
148165
148166
148200
148201
148202
148203
148204
148205
148228
148229
148233
148234
148235
148243
148244
148269
148270
148271
148272
148273
148274
148275
148276
148277
148299
148300
148301
148317
148318
148319
148345
148346
148348
148349
148353
148354
148355
148377
148378
148379
148380
148381
148382
148383
148384
148385
148386
148387
148388
148413
148414
148415
148417
148418
148420
148421
148458
148459
148460
148488
148489
148490
148494
148495
148496
148497
148498
148499
148536
148537
148538
148569
148570
148571
148572
148573
148574
148614
148615
148616
148650
148651
148652
148653
148654
148655
148681
148682
148684
148685
148692
148693
148694
148734
148735
148736
148764
148765
148766
148770
148771
148772
148773
148774
148775
148798
148799
148804
148805
148806
148807
148808
148848
148849
148850
148878
148879
148880
148884
148885
148886
148887
148888
148889
148915
148916
148924
148925
148965
148966
148967
148968
148969
148970
148995
148996
148997
148998
148999
149000
149005
149006
149008
149009
149031
149032
149033
149034
149035
149036
149037
149038
149039
149076
149077
149078
149107
149108
149112
149113
149114
149122
149123
149145
149146
149147
149148
149149
149150
149151
149152
149153
149179
149180
149188
149189
149229
149230
149231
149232
149233
149234
149259
149260
149261
149262
149263
149264
149266
149267
149272
149273
149295
149296
149297
149298
149299
149300
149301
149302
149303
149325
149326
149327
149332
149333
149338
149339
149373
149374
149375
149376
149377
149378
149403
149404
149405
149406
149407
149408
149410
149411
149416
149417
149439
149440
149441
149442
149443
149444
149445
149446
149447
149478
149479
149480
149481
149482
149483
149514
149515
149516
149517
149518
149519
149523
149524
149525
149598
149599
149600
149604
149605
149606
149607
149608
149609
149634
149635
149636
149646
149647
149648
149682
149683
149684
149685
149686
149687
149712
149714
149715
149717
149724
149725
149726
149769
149770
149771
149799
149800
149801
149802
149803
149804
149829
149831
149838
149840
149841
149842
149843
149883
149884
149885
149916
149917
149918
149919
149920
149921
149925
149926
149927
149949
149951
149958
149960
149961
149962
149963
149997
149998
149999
150033
150034
150035
150036
150037
150038
150069
150070
150071
150078
150079
150080
150108
150110
150114
150115
150116
150117
150119
150141
150142
150143
150147
150148
150149
150150
150151
150152
150180
150182
150183
150184
150185
150186
150188
150213
150214
150215
150231
150232
150233
150258
150260
150261
150263
150267
150268
150269
150291
150292
150293
150294
150295
150296
150300
150301
150302
150303
150304
150305
150327
150329
150330
150331
150332
150333
150335
150357
150358
150359
150363
150365
150375
150377
150405
150406
150407
150411
150412
150413
150435
150436
150437
150438
150439
150440
150444
150446
150447
150449
150471
150472
150473
150474
150475
150476
150477
150478
150479
150510
150511
150512
150513
150514
150515
150546
150547
150548
150552
150553
150554
150555
150556
150557
150597
150598
150599
150627
150628
150629
150630
150631
150632
150657
150659
150666
150668
150669
150670
150671
150711
150712
150713
150744
150745
150746
150747
150748
150749
150753
150754
150755
150777
150779
150786
150788
150789
150790
150791
150825
150826
150827
150858
150859
150860
150861
150862
150863
150864
150865
150866
150891
150893
150897
150898
150899
150903
150905
150942
150943
150944
150972
150973
150974
150975
150976
150977
150978
150979
150980
151005
151007
151011
151012
151013
151017
151019
151047
151048
151049
151056
151057
151058
151086
151088
151092
151093
151094
151095
151097
151119
151120
151121
151122
151123
151124
151128
151129
151130
151131
151132
151133
151155
151157
151158
151159
151160
151161
151163
151194
151195
151196
151197
151198
151199
151236
151237
151238
151239
151240
151241
151317
151318
151319
151323
151324
151325
151356
151357
151358
151365
151366
151367
151395
151397
151404
151406
151437
151438
151439
151440
151441
151442
151443
151444
151445
151485
151486
151487
151512
151514
151518
151519
151520
151521
151523
151551
151552
151553
151554
151555
151556
151557
151558
151559
151632
151634
151638
151639
151640
151641
151643
151671
151672
151673
151674
151675
151676
151677
151678
151679
151710
151711
151712
151719
151720
151721
151749
151750
151751
151752
151753
151754
151779
151781
151788
151790
151791
151792
151793
151821
151822
151823
151833
151834
151835
151866
151868
151869
151870
151871
151872
151874
151899
151900
151901
151902
151903
151904
151905
151906
151907
151911
151912
151913
151935
151937
151938
151940
151941
151942
151943
151965
151967
151971
151972
151973
151980
151982
152016
152017
152018
152019
152020
152021
152043
152044
152045
152046
152047
152048
152049
152051
152052
152054
152079
152080
152081
152082
152083
152084
152085
152086
152087
152118
152119
152120
152127
152128
152129
152157
152158
152159
152163
152164
152165
152202
152203
152204
152232
152233
152234
152238
152239
152240
152241
152242
152243
152283
152284
152285
152308
152309
152317
152318
152325
152326
152327
152349
152350
152351
152358
152359
152360
152361
152362
152363
152389
152390
152394
152395
152396
152398
152399
152472
152473
152474
152475
152476
152477
152478
152479
152480
152506
152507
152511
152512
152513
152518
152519
152553
152554
152555
152586
152587
152588
152589
152590
152591
152595
152596
152597
152620
152621
152629
152630
152631
152632
152633
152661
152662
152663
152670
152671
152672
152701
152702
152706
152707
152708
152710
152711
152733
152734
152735
152736
152737
152738
152739
152740
152741
152742
152743
152744
152769
152770
152771
152773
152774
152776
152777
152802
152803
152804
152814
152815
152816
152847
152848
152849
152853
152854
152855
152880
152881
152882
152892
152893
152894
152922
152924
152931
152933
152967
152968
152969
152970
152971
152972
152973
152974
152975
153000
153001
153002
153012
153013
153014
153042
153044
153048
153049
153050
153057
153059
153081
153082
153083
153084
153085
153086
153087
153088
153089
153162
153164
153168
153169
153170
153177
153179
153201
153202
153203
153204
153205
153206
153207
153208
153209
153234
153235
153236
153246
153247
153248
153276
153278
153282
153283
153284
153291
153293
153315
153316
153317
153318
153319
153320
153321
153322
153323
153357
153358
153359
153390
153391
153392
153393
153394
153395
153396
153397
153398
153423
153425
153429
153430
153431
153435
153437
153474
153475
153476
153504
153505
153506
153507
153508
153509
153510
153511
153512
153537
153539
153543
153544
153545
153549
153551
153579
153580
153581
153588
153589
153590
153618
153620
153624
153625
153626
153627
153629
153651
153652
153653
153654
153655
153656
153660
153661
153662
153663
153664
153665
153687
153689
153690
153691
153692
153693
153695
153720
153721
153722
153732
153733
153734
153765
153766
153767
153771
153772
153773
153798
153799
153800
153810
153811
153812
153841
153842
153850
153851
153885
153886
153887
153888
153889
153890
153891
153892
153893
153918
153919
153920
153930
153931
153932
153961
153962
153966
153967
153968
153976
153977
153999
154000
154001
154002
154003
154004
154005
154006
154007
154032
154033
154034
154044
154045
154046
154075
154076
154080
154081
154082
154090
154091
154113
154114
154115
154116
154117
154118
154119
154120
154121
154161
154162
154163
154188
154189
154190
154191
154192
154193
154194
154195
154196
154222
154223
154227
154228
154229
154234
154235
154263
154264
154265
154272
154273
154274
154303
154304
154308
154309
154310
154312
154313
154335
154336
154337
154338
154339
154340
154341
154342
154343
154347
154348
154349
154372
154373
154375
154376
154377
154378
154379
154404
154405
154406
154416
154417
154418
154446
154447
154448
154452
154453
154454
154455
154456
154457
154494
154495
154496
154527
154528
154529
154530
154531
154532
154560
154562
154569
154571
154611
154612
154613
154614
154615
154616
154641
154642
154643
154647
154649
154653
154655
154683
154684
154685
154686
154687
154688
154689
154690
154691
154728
154729
154730
154764
154765
154766
154767
154768
154769
154842
154844
154848
154849
154850
154857
154859
154881
154882
154883
154884
154885
154886
154887
154888
154889
154923
154924
154925
154956
154957
154958
154962
154964
154968
154970
154995
154996
154997
154998
154999
155000
155001
155002
155003
155028
155030
155037
155039
155079
155080
155081
155082
155083
155084
155109
155110
155111
155112
155113
155114
155118
155120
155121
155123
155145
155146
155147
155148
155149
155150
155151
155152
155153
155175
155176
155177
155181
155183
155187
155189
155223
155224
155225
155226
155227
155228
155253
155254
155255
155256
155257
155258
155259
155261
155265
155267
155289
155290
155291
155292
155293
155294
155295
155296
155297
155328
155329
155330
155331
155332
155333
155364
155365
155366
155367
155368
155369
155370
155371
155372
155415
155416
155417
155445
155446
155447
155448
155449
155450
155475
155476
155484
155485
155487
155488
155489
155517
155518
155519
155529
155530
155531
155568
155569
155570
155571
155572
155573
155595
155596
155601
155602
155603
155610
155611
155646
155647
155648
155649
155650
155651
155673
155674
155675
155679
155680
155691
155692
155715
155716
155717
155718
155719
155720
155721
155722
155723
155745
155746
155747
155757
155758
155759
155790
155791
155793
155794
155795
155796
155797
155823
155824
155825
155826
155827
155828
155829
155830
155831
155835
155836
155837
155859
155860
155862
155863
155865
155866
155867
155892
155893
155894
155904
155905
155906
155949
155950
155951
155991
155992
155993
156024
156025
156026
156027
156028
156029
156055
156056
156058
156059
156066
156067
156068
156102
156103
156104
156105
156106
156107
156139
156140
156144
156145
156146
156154
156155
156177
156178
156179
156180
156181
156182
156183
156184
156185
156225
156226
156227
156252
156253
156254
156255
156256
156257
156261
156262
156263
156286
156287
156295
156296
156297
156298
156299
156333
156334
156335
156366
156367
156368
156369
156370
156371
156375
156376
156377
156400
156401
156409
156410
156411
156412
156413
156453
156454
156455
156480
156481
156482
156487
156488
156493
156494
156519
156520
156521
156522
156523
156524
156525
156526
156527
156561
156562
156563
156594
156595
156596
156597
156598
156599
156600
156601
156602
156628
156629
156633
156634
156635
156640
156641
156663
156664
156665
156681
156682
156683
156709
156710
156712
156713
156717
156718
156719
156741
156742
156743
156744
156745
156746
156747
156748
156749
156750
156751
156752
156777
156778
156779
156781
156782
156784
156785
156819
156820
156821
156852
156853
156854
156855
156856
156857
156861
156862
156863
156900
156901
156902
156933
156934
156935
156936
156937
156938
156963
156965
156972
156974
156975
156976
156977
157014
157015
157016
157023
157024
157025
157053
157054
157055
157056
157057
157058
157086
157087
157088
157098
157099
157100
157125
157127
157134
157136
157173
157174
157175
157176
157177
157178
157179
157180
157181
157218
157219
157220
157254
157255
157256
157257
157258
157259
157287
157288
157289
157296
157297
157298
157326
157328
157332
157333
157334
157335
157337
157359
157360
157361
157368
157369
157370
157371
157372
157373
157398
157400
157404
157405
157406
157407
157409
157431
157432
157433
157449
157450
157451
157476
157478
157479
157481
157485
157486
157487
157509
157510
157511
157512
157513
157514
157518
157519
157520
157521
157522
157523
157545
157547
157548
157549
157550
157551
157553
157575
157576
157577
157581
157583
157587
157589
157623
157624
157625
157626
157627
157628
157653
157654
157655
157656
157657
157658
157659
157661
157665
157667
157689
157690
157691
157692
157693
157694
157695
157696
157697
157734
157735
157736
157764
157765
157766
157767
157768
157769
157770
157771
157772
157806
157807
157808
157815
157816
157817
157848
157849
157850
157851
157852
157853
157878
157880
157881
157883
157890
157891
157892
157926
157927
157928
157935
157936
157937
157962
157963
157964
157968
157970
157974
157976
158001
158002
158003
158004
158005
158006
158007
158008
158009
158040
158041
158042
158043
158044
158045
158076
158078
158082
158083
158084
158085
158087
158115
158116
158117
158118
158119
158120
158121
158122
158123
158154
158155
158156
158163
158164
158165
158190
158191
158192
158196
158198
158202
158204
158229
158230
158231
158232
158233
158234
158235
158236
158237
158271
158272
158273
158304
158306
158310
158311
158312
158313
158315
158343
158344
158345
158346
158347
158348
158349
158350
158351
158373
158375
158379
158380
158381
158388
158390
158424
158425
158426
158427
158428
158429
158451
158452
158453
158454
158455
158456
158460
158462
158463
158465
158487
158488
158489
158490
158491
158492
158493
158494
158495
158520
158521
158522
158532
158533
158534
158562
158563
158564
158568
158569
158570
158571
158572
158573
158607
158608
158609
158646
158647
158648
158649
158650
158651
158676
158678
158679
158681
158688
158689
158690
158718
158719
158720
158730
158731
158732
158766
158767
158768
158769
158770
158771
158805
158806
158807
158838
158839
158840
158841
158842
158843
158844
158845
158846
158871
158873
158877
158878
158879
158883
158885
158922
158923
158924
158952
158953
158954
158955
158956
158957
158958
158959
158960
158985
158987
158991
158992
158993
158997
158999
159036
159037
159038
159066
159068
159069
159071
159078
159079
159080
159105
159106
159107
159108
159109
159110
159114
159115
159116
159117
159118
159119
159141
159143
159144
159145
159146
159147
159149
159177
159178
159179
159186
159187
159188
159216
159218
159222
159223
159224
159225
159227
159249
159250
159251
159252
159253
159254
159255
159256
159257
159261
159262
159263
159285
159287
159288
159290
159291
159292
159293
159327
159328
159329
159360
159361
159362
159363
159364
159365
159369
159370
159371
159411
159412
159413
159441
159442
159443
159444
159445
159446
159471
159473
159480
159482
159483
159484
159485
159531
159532
159533
159558
159559
159560
159561
159562
159563
159567
159568
159569
159591
159593
159600
159602
159603
159604
159605
159639
159640
159641
159672
159673
159674
159675
159676
159677
159681
159682
159683
159705
159707
159714
159716
159717
159718
159719
159753
159754
159755
159786
159788
159792
159793
159794
159795
159797
159825
159826
159827
159828
159829
159830
159831
159832
159833
159855
159856
159857
159861
159863
159873
159875
159903
159904
159905
159909
159910
159911
159933
159934
159935
159936
159937
159938
159942
159944
159945
159947
159969
159970
159971
159972
159973
159974
159975
159976
159977
160011
160012
160013
160047
160048
160049
160050
160051
160052
160089
160090
160091
160125
160126
160127
160128
160129
160130
160167
160168
160169
160203
160204
160205
160206
160207
160208
160239
160241
160248
160250
160287
160288
160289
160293
160294
160295
160317
160318
160319
160323
160325
160335
160337
160359
160360
160361
160362
160363
160364
160365
160366
160367
160404
160405
160406
160434
160435
160436
160440
160441
160442
160443
160444
160445
160467
160469
160473
160475
160476
160477
160478
160509
160511
160518
160520
160557
160558
160559
160563
160564
160565
160587
160588
160589
160590
160591
160592
160596
160598
160599
160601
160623
160624
160625
160626
160627
160628
160629
160630
160631
160665
160666
160667
160698
160699
160700
160704
160705
160706
160707
160708
160709
160731
160733
160737
160739
160740
160741
160742
160767
160768
160769
160779
160780
160781
160812
160814
160815
160816
160817
160818
160820
160845
160846
160847
160848
160849
160850
160851
160852
160853
160854
160855
160856
160881
160882
160883
160884
160886
160887
160889
160920
160921
160922
160923
160924
160925
160959
160960
160961
160962
160963
160964
161007
161008
161009
161034
161035
161036
161037
161038
161039
161043
161044
161045
161079
161080
161081
161109
161110
161118
161119
161121
161122
161123
161151
161152
161153
161157
161158
161159
161163
161164
161165
161190
161191
161193
161194
161199
161200
161201
161226
161227
161228
161238
161239
161240
161268
161269
161274
161275
161276
161277
161278
161307
161308
161309
161310
161311
161312
161313
161314
161315
161352
161353
161354
161385
161386
161387
161388
161389
161390
161415
161416
161417
161421
161422
161427
161428
161463
161464
161465
161466
161467
161468
161493
161494
161495
161499
161500
161505
161506
161535
161536
161537
161538
161539
161540
161541
161542
161543
161571
161572
161573
161580
161581
161582
161610
161611
161616
161617
161618
161619
161620
161643
161644
161645
161646
161647
161648
161652
161653
161654
161655
161656
161657
161679
161680
161682
161683
161684
161685
161686
161709
161710
161711
161721
161722
161723
161760
161761
161762
161763
161764
161765
161796
161797
161798
161805
161806
161807
161835
161837
161844
161846
161877
161878
161879
161880
161881
161882
161883
161884
161885
161916
161917
161918
161925
161926
161927
161952
161954
161958
161959
161960
161961
161963
161991
161992
161993
161994
161995
161996
161997
161998
161999
162030
162031
162032
162033
162034
162035
162066
162068
162072
162073
162074
162075
162077
162105
162106
162107
162108
162109
162110
162111
162112
162113
162186
162187
162188
162192
162194
162198
162200
162225
162226
162227
162228
162229
162230
162231
162232
162233
162267
162268
162269
162300
162301
162302
162303
162304
162305
162309
162310
162311
162333
162335
162342
162344
162345
162346
162347
162369
162370
162371
162387
162388
162389
162414
162416
162417
162419
162423
162424
162425
162447
162448
162449
162450
162451
162452
162453
162454
162455
162456
162457
162458
162483
162484
162485
162486
162488
162489
162491
162513
162514
162515
162531
162532
162533
162564
162565
162566
162567
162568
162569
162594
162595
162596
162606
162607
162608
162633
162635
162642
162644
162681
162682
162683
162684
162685
162686
162687
162688
162689
162720
162721
162722
162729
162730
162731
162759
162760
162761
162765
162766
162767
162804
162805
162806
162840
162841
162842
162843
162844
162845
162885
162886
162887
162909
162911
162918
162920
162927
162928
162929
162951
162952
162953
162960
162961
162962
162963
162964
162965
162990
162992
162996
162997
162998
162999
163001
163038
163039
163040
163068
163069
163070
163071
163072
163073
163074
163075
163076
163101
163103
163107
163108
163109
163113
163115
163143
163144
163145
163152
163153
163154
163182
163184
163188
163189
163190
163191
163193
163215
163216
163217
163218
163219
163220
163224
163225
163226
163227
163228
163229
163251
163253
163254
163255
163256
163257
163259
163281
163283
163287
163288
163289
163296
163298
163332
163333
163334
163335
163336
163337
163359
163360
163361
163362
163363
163364
163365
163367
163371
163373
163395
163396
163397
163398
163399
163400
163401
163402
163403
163437
163438
163439
163470
163471
163472
163473
163474
163475
163479
163480
163481
163512
163513
163514
163515
163516
163517
163551
163552
163553
163554
163555
163556
163581
163582
163590
163591
163593
163594
163595
163632
163633
163634
163641
163642
163643
163671
163672
163673
163677
163678
163679
163716
163717
163718
163746
163747
163748
163749
163750
163751
163752
163753
163754
163779
163780
163785
163786
163787
163791
163792
163833
163834
163835
163860
163861
163862
163866
163867
163868
163869
163870
163871
163893
163894
163899
163900
163902
163903
163904
163947
163948
163949
163971
163972
163980
163981
163989
163990
163991
164013
164014
164015
164016
164017
164018
164019
164020
164021
164025
164026
164027
164049
164050
164052
164053
164055
164056
164057
164079
164080
164081
164097
164098
164099
164124
164125
164127
164128
164133
164134
164135
164157
164158
164159
164160
164161
164162
164163
164164
164165
164166
164167
164168
164193
164194
164195
164196
164197
164199
164200
164235
164236
164237
164274
164275
164276
164277
164278
164279
164355
164357
164364
164366
164397
164398
164399
164400
164401
164402
164403
164404
164405
164436
164437
164438
164445
164446
164447
164472
164473
164474
164478
164480
164484
164486
164511
164512
164513
164514
164515
164516
164517
164518
164519
164550
164551
164552
164553
164554
164555
164586
164588
164592
164593
164594
164595
164597
164625
164626
164627
164628
164629
164630
164631
164632
164633
164658
164659
164660
164670
164671
164672
164700
164701
164702
164706
164708
164712
164714
164739
164740
164741
164742
164743
164744
164745
164746
164747
164784
164785
164786
164814
164815
164816
164817
164818
164819
164823
164824
164825
164847
164849
164856
164858
164859
164860
164861
164889
164890
164891
164898
164899
164900
164928
164930
164934
164935
164936
164937
164939
164961
164962
164963
164964
164965
164966
164970
164971
164972
164973
164974
164975
164997
164999
165000
165001
165002
165003
165005
165030
165031
165032
165042
165043
165044
165072
165073
165074
165078
165079
165080
165081
165082
165083
165120
165121
165122
165156
165157
165158
165159
165160
165161
165187
165188
165190
165191
165198
165199
165200
165240
165241
165242
165273
165274
165275
165276
165277
165278
165306
165307
165308
165318
165319
165320
165349
165350
165358
165359
165393
165394
165395
165396
165397
165398
165399
165400
165401
165423
165424
165425
165430
165431
165436
165437
165471
165472
165473
165474
165475
165476
165501
165502
165503
165504
165505
165506
165508
165509
165514
165515
165537
165538
165539
165540
165541
165542
165543
165544
165545
165573
165574
165575
165582
165583
165584
165613
165614
165618
165619
165620
165622
165623
165645
165646
165647
165648
165649
165650
165654
165655
165656
165657
165658
165659
165682
165683
165684
165685
165686
165688
165689
165729
165730
165731
165762
165763
165764
165765
165766
165767
165798
165799
165800
165801
165802
165803
165831
165833
165840
165842
165879
165880
165881
165882
165883
165884
165885
165886
165887
165924
165925
165926
165957
165958
165959
165963
165964
165965
166002
166003
166004
166035
166036
166037
166038
166039
166040
166065
166067
166071
166072
166073
166080
166082
166116
166117
166118
166119
166120
166121
166143
166144
166145
166149
166151
166155
166157
166185
166186
166187
166188
166189
166190
166191
166192
166193
166215
166216
166217
166221
166223
166233
166235
166263
166264
166265
166269
166270
166271
166293
166294
166295
166299
166301
166305
166307
166335
166336
166337
166338
166339
166340
166341
166342
166343
166365
166366
166367
166377
166378
166379
166410
166412
166413
166414
166415
166416
166418
166443
166444
166445
166446
166447
166448
166452
166453
166454
166455
166456
166457
166479
166481
166482
166483
166484
166485
166487
166524
166525
166526
166554
166555
166556
166557
166558
166559
166560
166561
166562
166602
166603
166604
166638
166639
166640
166641
166642
166643
166668
166670
166671
166673
166680
166681
166682
166722
166723
166724
166752
166753
166754
166758
166759
166760
166761
166762
166763
166785
166787
166791
166793
166794
166795
166796
166839
166840
166841
166866
166867
166868
166872
166874
166878
166880
166905
166906
166907
166908
166909
166910
166911
166912
166913
166935
166936
166937
166941
166943
166947
166949
166983
166984
166985
166986
166987
166988
167013
167014
167015
167016
167017
167018
167019
167021
167022
167024
167049
167050
167051
167052
167053
167054
167055
167056
167057
167091
167092
167093
167127
167128
167129
167130
167131
167132
167175
167176
167177
167202
167203
167204
167205
167206
167207
167208
167209
167210
167247
167248
167249
167283
167284
167285
167289
167290
167291
167313
167315
167322
167324
167331
167332
167333
167367
167368
167369
167397
167399
167406
167408
167409
167410
167411
167439
167440
167441
167442
167443
167444
167445
167446
167447
167448
167449
167450
167475
167476
167477
167478
167480
167481
167483
167517
167518
167519
167550
167551
167552
167556
167557
167558
167559
167560
167561
167583
167585
167589
167591
167592
167593
167594
167637
167638
167639
167664
167665
167666
167670
167672
167676
167678
167703
167704
167705
167706
167707
167708
167709
167710
167711
167733
167734
167735
167739
167741
167751
167753
167781
167782
167783
167787
167788
167789
167811
167812
167813
167814
167815
167816
167817
167819
167820
167822
167847
167848
167849
167850
167851
167852
167853
167854
167855
167892
167893
167894
167937
167938
167939
167976
167977
167978
168012
168013
168014
168015
168016
168017
168042
168044
168045
168047
168054
168055
168056
168090
168091
168092
168093
168094
168095
168126
168127
168128
168129
168130
168131
168132
168133
168134
168177
168178
168179
168207
168208
168209
168210
168211
168212
168237
168239
168246
168248
168249
168250
168251
168285
168286
168287
168294
168295
168296
168324
168326
168330
168331
168332
168333
168335
168357
168358
168359
168360
168361
168362
168363
168364
168365
168369
168370
168371
168393
168395
168396
168398
168399
168400
168401
168438
168439
168440
168468
168469
168470
168474
168475
168476
168477
168478
168479
168501
168503
168507
168509
168510
168511
168512
168537
168538
168539
168549
168550
168551
168582
168584
168585
168586
168587
168588
168590
168615
168616
168617
168618
168619
168620
168624
168625
168626
168627
168628
168629
168651
168653
168654
168655
168656
168657
168659
168690
168691
168692
168693
168694
168695
168729
168730
168731
168735
168736
168737
168777
168778
168779
168810
168811
168812
168813
168814
168815
168837
168838
168839
168846
168847
168848
168855
168856
168857
168888
168889
168890
168891
168892
168893
168921
168923
168930
168932
168969
168970
168971
168975
168976
168977
168999
169001
169005
169006
169007
169014
169016
169041
169042
169043
169044
169045
169046
169047
169048
169049
169071
169073
169077
169078
169079
169086
169088
169122
169123
169124
169125
169126
169127
169149
169151
169155
169156
169157
169164
169166
169191
169192
169193
169194
169195
169196
169197
169198
169199
169221
169222
169223
169239
169240
169241
169266
169268
169269
169271
169275
169276
169277
169299
169300
169301
169302
169303
169304
169305
169306
169307
169311
169312
169313
169335
169337
169338
169340
169341
169342
169343
169374
169375
169376
169383
169384
169385
169410
169411
169412
169416
169417
169418
169419
169420
169421
169455
169456
169457
169491
169492
169493
169497
169498
169499
169522
169523
169531
169532
169539
169540
169541
169575
169576
169577
169608
169609
169610
169611
169612
169613
169614
169615
169616
169642
169643
169647
169648
169649
169654
169655
169695
169696
169697
169722
169723
169724
169728
169729
169730
169731
169732
169733
169761
169762
169763
169770
169771
169772
169801
169802
169806
169807
169808
169810
169811
169833
169834
169835
169839
169840
169841
169845
169846
169847
169873
169874
169876
169877
169881
169882
169883
169917
169918
169919
169950
169951
169952
169953
169954
169955
169956
169957
169958
169984
169985
169989
169990
169991
169996
169997
170025
170026
170027
170034
170035
170036
170065
170066
170070
170071
170072
170074
170075
170097
170098
170099
170100
170101
170102
170103
170104
170105
170106
170107
170108
170133
170134
170135
170137
170138
170140
170141
170166
170167
170168
170178
170179
170180
170208
170209
170210
170214
170215
170216
170217
170218
170219
170253
170254
170255
170292
170293
170294
170295
170296
170297
170323
170324
170326
170327
170334
170335
170336
170376
170377
170378
170406
170407
170408
170412
170413
170414
170415
170416
170417
170457
170458
170459
170484
170485
170486
170487
170488
170489
170490
170491
170492
170518
170519
170523
170524
170525
170530
170531
170559
170560
170561
170568
170569
170570
170599
170600
170604
170605
170606
170608
170609
170631
170632
170633
170640
170641
170642
170643
170644
170645
170671
170672
170676
170677
170678
170680
170681
170718
170719
170720
170748
170749
170750
170751
170752
170753
170757
170758
170759
170782
170783
170791
170792
170793
170794
170795
170823
170824
170825
170832
170833
170834
170863
170864
170868
170869
170870
170872
170873
170895
170896
170897
170898
170899
170900
170904
170905
170906
170907
170908
170909
170932
170933
170934
170935
170936
170938
170939
170979
170980
170981
171012
171013
171014
171015
171016
171017
171048
171049
171050
171057
171058
171059
171087
171088
171089
171093
171094
171095
171129
171130
171131
171165
171166
171167
171171
171172
171173
171196
171197
171205
171206
171213
171214
171215
171255
171256
171257
171280
171281
171289
171290
171297
171298
171299
171321
171322
171323
171324
171325
171326
171327
171328
171329
171330
171331
171332
171357
171358
171359
171361
171362
171364
171365
171390
171391
171392
171402
171403
171404
171433
171434
171438
171439
171440
171448
171449
171471
171472
171473
171474
171475
171476
171477
171478
171479
171553
171554
171558
171559
171560
171568
171569
171591
171592
171593
171594
171595
171596
171597
171598
171599
171621
171622
171623
171628
171629
171640
171641
171669
171670
171671
171675
171676
171677
171699
171700
171701
171702
171703
171704
171706
171707
171712
171713
171735
171736
171737
171738
171739
171740
171741
171742
171743
171768
171769
171770
171780
171781
171782
171810
171811
171812
171816
171817
171818
171819
171820
171821
171858
171859
171860
171894
171895
171896
171897
171898
171899
171925
171926
171928
171929
171936
171937
171938
171972
171973
171974
171975
171976
171977
172014
172015
172016
172017
172018
172019
172059
172060
172061
172087
172088
172092
172093
172094
172102
172103
172125
172126
172127
172128
172129
172130
172131
172132
172133
172158
172159
172160
172170
172171
172172
172204
172205
172213
172214
172245
172246
172247
172248
172249
172250
172251
172252
172253
172293
172294
172295
172320
172321
172322
172326
172327
172328
172329
172330
172331
172354
172355
172360
172361
172362
172363
172364
172390
172391
172395
172396
172397
172405
172406
172440
172441
172442
172443
172444
172445
172467
172468
172469
172470
172471
172472
172474
172475
172477
172478
172503
172504
172505
172506
172507
172508
172509
172510
172511
172539
172540
172541
172548
172549
172550
172579
172580
172584
172585
172586
172588
172589
172611
172612
172613
172614
172615
172616
172617
172618
172619
172623
172624
172625
172648
172649
172651
172652
172653
172654
172655
172689
172690
172691
172725
172726
172727
172731
172732
172733
172764
172765
172766
172773
172774
172775
172804
172805
172813
172814
172845
172846
172847
172848
172849
172850
172851
172852
172853
172884
172885
172886
172893
172894
172895
172921
172922
172926
172927
172928
172930
172931
172959
172960
172961
172962
172963
172964
172965
172966
172967
173001
173002
173003
173034
173035
173036
173037
173038
173039
173040
173041
173042
173068
173069
173073
173074
173075
173080
173081
173103
173104
173105
173121
173122
173123
173149
173150
173152
173153
173157
173158
173159
173181
173182
173183
173184
173185
173186
173187
173188
173189
173190
173191
173192
173217
173218
173219
173221
173222
173224
173225
173256
173257
173258
173259
173260
173261
173298
173299
173300
173301
173302
173303
173337
173338
173339
173373
173375
173382
173384
173415
173416
173417
173418
173419
173420
173421
173422
173423
173454
173455
173456
173463
173464
173465
173490
173491
173492
173496
173498
173502
173504
173529
173530
173531
173532
173533
173534
173535
173536
173537
173610
173612
173616
173617
173618
173619
173621
173649
173650
173651
173652
173653
173654
173655
173656
173657
173679
173681
173685
173686
173687
173694
173696
173730
173731
173732
173733
173734
173735
173757
173758
173759
173760
173761
173762
173766
173768
173769
173771
173793
173794
173795
173796
173797
173798
173799
173800
173801
173841
173842
173843
173868
173869
173870
173871
173872
173873
173877
173878
173879
173913
173914
173915
173949
173950
173951
173955
173956
173957
173979
173980
173988
173989
173997
173998
173999
174039
174040
174041
174066
174067
174072
174073
174074
174075
174076
174105
174106
174107
174108
174109
174110
174111
174112
174113
174138
174139
174140
174150
174151
174152
174180
174181
174186
174187
174188
174189
174190
174219
174220
174221
174222
174223
174224
174225
174226
174227
174261
174262
174263
174294
174295
174296
174297
174298
174299
174300
174301
174302
174327
174328
174333
174334
174335
174339
174340
174369
174370
174371
174378
174379
174380
174408
174409
174414
174415
174416
174417
174418
174441
174442
174443
174444
174445
174446
174447
174448
174449
174450
174451
174452
174477
174478
174479
174480
174481
174483
174484
174519
174520
174521
174552
174553
174554
174555
174556
174557
174561
174562
174563
174600
174601
174602
174633
174634
174635
174636
174637
174638
174663
174664
174672
174673
174675
174676
174677
174756
174757
174758
174759
174760
174761
174762
174763
174764
174843
174844
174845
174846
174847
174848
174876
174877
174878
174888
174889
174890
174924
174925
174926
174927
174928
174929
174954
174955
174957
174958
174966
174967
174968
175002
175003
175004
175005
175006
175007
175038
175039
175044
175045
175046
175047
175048
175077
175078
175079
175080
175081
175082
175083
175084
175085
175107
175108
175109
175113
175114
175119
175120
175155
175156
175157
175158
175159
175160
175185
175186
175187
175191
175192
175203
175204
175227
175228
175229
175230
175231
175232
175233
175234
175235
175257
175258
175259
175263
175264
175269
175270
175305
175306
175307
175308
175309
175310
175335
175336
175337
175338
175339
175340
175344
175345
175347
175348
175371
175372
175373
175374
175375
175376
175377
175378
175379
175401
175402
175403
175413
175414
175415
175446
175447
175449
175450
175451
175452
175453
175479
175480
175481
175482
175483
175484
175488
175489
175490
175491
175492
175493
175515
175516
175518
175519
175520
175521
175522
175554
175555
175556
175563
175564
175565
175593
175594
175595
175599
175600
175601
175626
175627
175628
175638
175639
175640
175665
175666
175674
175675
175713
175714
175715
175716
175717
175718
175719
175720
175721
175755
175756
175757
175788
175789
175790
175791
175792
175793
175794
175795
175796
175821
175822
175827
175828
175829
175833
175834
175869
175870
175871
175902
175903
175904
175905
175906
175907
175908
175909
175910
175935
175936
175941
175942
175943
175947
175948
176022
176023
176024
176025
176026
176027
176028
176029
176030
176055
176056
176061
176062
176063
176067
176068
176097
176098
176099
176106
176107
176108
176136
176137
176142
176143
176144
176145
176146
176169
176170
176171
176172
176173
176174
176178
176179
176180
176181
176182
176183
176205
176206
176208
176209
176210
176211
176212
176289
176290
176291
176295
176296
176297
176328
176329
176330
176337
176338
176339
176370
176371
176372
176373
176374
176375
176401
176402
176404
176405
176412
176413
176414
176448
176449
176450
176451
176452
176453
176490
176491
176492
176493
176494
176495
176535
176536
176537
176566
176567
176575
176576
176607
176608
176609
176610
176611
176612
176613
176614
176615
176638
176639
176643
176644
176645
176653
176654
176688
176689
176690
176691
176692
176693
176715
176716
176717
176718
176719
176720
176722
176723
176725
176726
176751
176752
176753
176754
176755
176756
176757
176758
176759
176781
176782
176783
176799
176800
176801
176827
176828
176830
176831
176835
176836
176837
176859
176860
176861
176862
176863
176864
176865
176866
176867
176871
176872
176873
176896
176897
176899
176900
176901
176902
176903
176937
176938
176939
176973
176974
176975
176979
176980
176981
177015
177016
177017
177051
177052
177053
177054
177055
177056
177082
177083
177091
177092
177093
177094
177095
177132
177133
177134
177141
177142
177143
177171
177172
177173
177177
177178
177179
177219
177220
177221
177246
177247
177248
177249
177250
177251
177252
177253
177254
177280
177281
177285
177286
177287
177292
177293
177333
177334
177335
177358
177359
177367
177368
177375
177376
177377
177399
177400
177401
177402
177403
177404
177405
177406
177407
177411
177412
177413
177436
177437
177439
177440
177441
177442
177443
177465
177466
177467
177483
177484
177485
177511
177512
177514
177515
177519
177520
177521
177543
177544
177545
177546
177547
177548
177549
177550
177551
177552
177553
177554
177579
177580
177581
177583
177584
177586
177587
177627
177628
177629
177657
177658
177659
177663
177664
177665
177690
177691
177692
177702
177703
177704
177730
177731
177739
177740
177777
177778
177779
177780
177781
177782
177783
177784
177785
177825
177826
177827
177855
177856
177857
177858
177859
177860
177891
177892
177893
177900
177901
177902
177931
177932
177936
177937
177938
177940
177941
177963
177964
177965
177969
177970
177971
177975
177976
177977
178003
178004
178006
178007
178011
178012
178013
178035
178036
178037
178042
178043
178054
178055
178083
178084
178085
178089
178090
178091
178113
178114
178115
178116
178117
178118
178123
178124
178126
178127
178149
178150
178151
178152
178153
178154
178155
178156
178157
178230
178231
178232
178233
178234
178235
178236
178237
178238
178266
178267
178268
178278
178279
178280
178311
178312
178313
178317
178318
178319
178350
178351
178352
178353
178354
178355
178389
178390
178391
178395
178396
178397
178420
178421
178429
178430
178437
178438
178439
178513
178514
178522
178523
178557
178558
178559
178560
178561
178562
178563
178564
178565
178587
178588
178589
178594
178595
178606
178607
178635
178636
178637
178641
178642
178643
178665
178666
178667
178668
178669
178670
178672
178673
178678
178679
178701
178702
178703
178704
178705
178706
178707
178708
178709
178743
178744
178745
178776
178777
178778
178783
178784
178789
178790
178815
178816
178817
178818
178819
178820
178821
178822
178823
178845
178846
178847
178852
178853
178864
178865
178893
178894
178895
178899
178900
178901
178923
178924
178925
178926
178927
178928
178933
178934
178936
178937
178959
178960
178961
178962
178963
178964
178965
178966
178967
179004
179005
179006
179040
179041
179042
179043
179044
179045
179076
179077
179078
179079
179080
179081
179118
179119
179120
179121
179122
179123
179163
179164
179165
179193
179195
179202
179204
179235
179236
179237
179238
179239
179240
179241
179242
179243
179268
179269
179270
179280
179281
179282
179310
179312
179319
179321
179355
179356
179357
179358
179359
179360
179361
179362
179363
179400
179401
179402
179430
179431
179432
179433
179434
179435
179439
179440
179441
179463
179465
179472
179474
179475
179476
179477
179505
179506
179507
179514
179515
179516
179544
179546
179550
179551
179552
179553
179555
179577
179578
179579
179580
179581
179582
179586
179587
179588
179589
179590
179591
179613
179615
179616
179617
179618
179619
179621
179643
179645
179649
179650
179651
179658
179660
179694
179695
179696
179697
179698
179699
179721
179722
179723
179724
179725
179726
179727
179729
179730
179732
179757
179758
179759
179760
179761
179762
179763
179764
179765
179805
179806
179807
179832
179833
179834
179838
179839
179840
179841
179842
179843
179880
179881
179882
179913
179914
179915
179916
179917
179918
179944
179945
179953
179954
180000
180001
180002
180003
180004
180005
180027
180028
180029
180034
180035
180040
180041
180069
180070
180071
180072
180073
180074
180075
180076
180077
180111
180112
180113
180144
180145
180146
180150
180151
180152
180153
180154
180155
180178
180179
180184
180185
180186
180187
180188
180219
180220
180221
180228
180229
180230
180259
180260
180264
180265
180266
180268
180269
180291
180292
180293
180294
180295
180296
180297
180298
180299
180300
180301
180302
180327
180328
180329
180331
180332
180334
180335
180372
180373
180374
180402
180403
180404
180408
180409
180410
180411
180412
180413
180450
180451
180452
180486
180487
180488
180489
180490
180491
180517
180518
180520
180521
180528
180529
180530
180609
180610
180611
180615
180616
180617
180645
180646
180647
180654
180655
180656
180685
180686
180690
180691
180692
180694
180695
180717
180718
180719
180723
180724
180725
180726
180727
180728
180757
180758
180759
180760
180761
180763
180764
180789
180790
180791
180796
180797
180802
180803
180837
180838
180839
180840
180841
180842
180867
180868
180869
180870
180871
180872
180874
180875
180877
180878
180903
180904
180905
180906
180907
180908
180909
180910
180911
180942
180943
180944
180945
180946
180947
180981
180982
180983
180987
180988
180989
181020
181021
181022
181029
181030
181031
181059
181060
181061
181062
181063
181064
181101
181102
181103
181137
181138
181139
181143
181144
181145
181168
181169
181177
181178
181185
181186
181187
181216
181217
181225
181226
181263
181264
181265
181269
181270
181271
181293
181294
181295
181296
181297
181298
181303
181304
181306
181307
181329
181330
181331
181332
181333
181334
181335
181336
181337
181359
181360
181361
181377
181378
181379
181405
181406
181408
181409
181413
181414
181415
181437
181438
181439
181440
181441
181442
181443
181444
181445
181446
181447
181448
181473
181474
181475
181477
181478
181480
181481
181506
181507
181508
181518
181519
181520
181554
181555
181556
181557
181558
181559
181596
181597
181598
181638
181639
181640
181674
181675
181676
181683
181684
181685
181711
181712
181720
181721
181755
181756
181757
181758
181759
181760
181761
181762
181763
181800
181801
181802
181831
181832
181840
181841
181875
181876
181877
181878
181879
181880
181881
181882
181883
181906
181907
181911
181912
181913
181921
181922
181956
181957
181958
181959
181960
181961
181983
181984
181985
181986
181987
181988
181990
181991
181993
181994
182019
182020
182021
182022
182023
182024
182025
182026
182027
182058
182059
182060
182067
182068
182069
182095
182096
182100
182101
182102
182110
182111
182133
182134
182135
182136
182137
182138
182139
182140
182141
182181
182182
182183
182208
182209
182210
182211
182212
182213
182217
182218
182219
182242
182243
182251
182252
182253
182254
182255
182277
182278
182279
182295
182296
182297
182323
182324
182326
182327
182331
182332
182333
182355
182356
182357
182358
182359
182360
182361
182362
182363
182367
182368
182369
182392
182393
182395
182396
182397
182398
182399
182436
182437
182438
182466
182467
182468
182472
182473
182474
182475
182476
182477
182508
182509
182510
182517
182518
182519
182547
182548
182549
182550
182551
182552
182592
182593
182594
182625
182626
182627
182631
182632
182633
182656
182657
182665
182666
182673
182674
182675
182701
182702
182710
182711
182751
182752
182753
182754
182755
182756
182781
182782
182783
182784
182785
182786
182791
182792
182794
182795
182817
182818
182819
182820
182821
182822
182823
182824
182825
182853
182854
182855
182862
182863
182864
182893
182894
182898
182899
182900
182902
182903
182925
182926
182927
182928
182929
182930
182934
182935
182936
182937
182938
182939
182962
182963
182964
182965
182966
182968
182969
183003
183004
183005
183036
183037
183038
183039
183040
183041
183045
183046
183047
183084
183085
183086
183114
183115
183116
183117
183118
183119
183120
183121
183122
183162
183163
183164
183198
183199
183200
183201
183202
183203
183228
183230
183231
183233
183240
183241
183242
183285
183286
183287
183312
183313
183314
183318
183319
183320
183321
183322
183323
183345
183347
183351
183353
183354
183355
183356
183399
183400
183401
183426
183427
183428
183429
183430
183431
183435
183436
183437
183459
183461
183468
183470
183471
183472
183473
183501
183503
183510
183512
183549
183550
183551
183555
183556
183557
183579
183580
183581
183582
183583
183584
183588
183590
183591
183593
183615
183616
183617
183618
183619
183620
183621
183622
183623
183645
183646
183647
183663
183664
183665
183690
183692
183693
183695
183699
183700
183701
183723
183724
183725
183726
183727
183728
183729
183730
183731
183735
183736
183737
183759
183761
183762
183764
183765
183766
183767
183843
183844
183845
183849
183850
183851
183885
183886
183887
183921
183922
183923
183924
183925
183926
183951
183952
183960
183961
183963
183964
183965
184011
184012
184013
184038
184039
184040
184041
184042
184043
184044
184045
184046
184071
184072
184077
184078
184079
184083
184084
184116
184117
184118
184119
184120
184121
184152
184153
184154
184155
184156
184157
184161
184162
184163
184185
184186
184194
184195
184197
184198
184199
184221
184222
184223
184239
184240
184241
184266
184267
184269
184270
184275
184276
184277
184299
184300
184301
184302
184303
184304
184305
184306
184307
184308
184309
184310
184335
184336
184337
184338
184339
184341
184342
184383
184384
184385
184416
184417
184418
184419
184420
184421
184446
184447
184448
184458
184459
184460
184486
184487
184495
184496
184533
184534
184535
184536
184537
184538
184539
184540
184541
184566
184567
184568
184578
184579
184580
184609
184610
184614
184615
184616
184624
184625
184647
184648
184649
184650
184651
184652
184653
184654
184655
184695
184696
184697
184725
184726
184727
184731
184732
184733
184764
184765
184766
184767
184768
184769
184801
184802
184806
184807
184808
184816
184817
184839
184840
184841
184842
184843
184844
184845
184846
184847
184870
184871
184875
184876
184877
184885
184886
184920
184921
184922
184923
184924
184925
184948
184949
184953
184954
184955
184963
184964
184989
184990
184991
184992
184993
184994
184995
184996
184997
185037
185038
185039
185064
185065
185066
185071
185072
185077
185078
185103
185104
185105
185106
185107
185108
185109
185110
185111
185133
185134
185135
185140
185141
185152
185153
185181
185182
185183
185187
185188
185189
185211
185212
185213
185214
185215
185216
185218
185219
185221
185222
185247
185248
185249
185250
185251
185252
185253
185254
185255
185280
185281
185282
185292
185293
185294
185328
185329
185330
185331
185332
185333
185364
185365
185366
185367
185368
185369
185403
185404
185405
185406
185407
185408
185448
185449
185450
185481
185483
185490
185492
185523
185524
185525
185526
185527
185528
185529
185530
185531
185556
185558
185565
185567
185607
185608
185609
185610
185611
185612
185637
185638
185639
185640
185641
185642
185643
185645
185649
185651
185673
185674
185675
185676
185677
185678
185679
185680
185681
185709
185710
185711
185718
185719
185720
185748
185750
185754
185755
185756
185757
185759
185781
185782
185783
185784
185785
185786
185790
185791
185792
185793
185794
185795
185817
185819
185820
185821
185822
185823
185825
185850
185851
185852
185862
185863
185864
185892
185893
185894
185898
185899
185900
185901
185902
185903
185940
185941
185942
185976
185977
185978
185979
185980
185981
186006
186008
186009
186011
186018
186019
186020
186060
186061
186062
186090
186091
186092
186096
186097
186098
186099
186100
186101
186123
186125
186129
186131
186132
186133
186134
186174
186175
186176
186204
186206
186210
186211
186212
186219
186221
186243
186244
186245
186246
186247
186248
186249
186250
186251
186273
186274
186275
186279
186281
186285
186287
186321
186322
186323
186324
186325
186326
186351
186352
186353
186354
186355
186356
186357
186359
186363
186365
186387
186388
186389
186390
186391
186392
186393
186394
186395
186435
186436
186437
186477
186478
186479
186510
186511
186512
186513
186514
186515
186544
186545
186553
186554
186591
186592
186593
186594
186595
186596
186597
186598
186599
186630
186631
186632
186633
186634
186635
186666
186667
186668
186673
186674
186679
186680
186705
186706
186707
186708
186709
186710
186711
186712
186713
186738
186739
186740
186750
186751
186752
186780
186781
186782
186783
186784
186785
186786
186787
186788
186814
186815
186819
186820
186821
186826
186827
186861
186862
186863
186897
186898
186899
186900
186901
186902
186927
186928
186929
186939
186940
186941
186973
186974
186975
186976
186977
186979
186980
187005
187006
187007
187011
187012
187013
187014
187015
187016
187045
187046
187047
187048
187049
187051
187052
187077
187078
187079
187084
187085
187090
187091
187125
187126
187127
187128
187129
187130
187155
187156
187157
187158
187159
187160
187165
187166
187168
187169
187191
187192
187193
187194
187195
187196
187197
187198
187199
187236
187237
187238
187266
187267
187268
187269
187270
187271
187272
187273
187274
187314
187315
187316
187350
187351
187352
187353
187354
187355
187380
187381
187383
187384
187392
187393
187394
187470
187471
187472
187476
187477
187482
187483
187509
187510
187511
187512
187513
187514
187515
187516
187517
187554
187555
187556
187587
187588
187589
187593
187594
187595
187617
187618
187619
187623
187624
187629
187630
187665
187666
187667
187668
187669
187670
187695
187696
187697
187701
187702
187707
187708
187737
187738
187739
187740
187741
187742
187743
187744
187745
187767
187768
187769
187785
187786
187787
187812
187813
187815
187816
187821
187822
187823
187845
187846
187847
187848
187849
187850
187851
187852
187853
187854
187855
187856
187881
187882
187883
187884
187885
187887
187888
187926
187927
187928
187956
187957
187958
187959
187960
187961
187962
187963
187964
188001
188002
188003
188040
188041
188042
188043
188044
188045
188071
188072
188074
188075
188082
188083
188084
188127
188128
188129
188154
188155
188156
188161
188162
188167
188168
188193
188194
188195
188196
188197
188198
188199
188200
188201
188232
188233
188234
188235
188236
188237
188269
188270
188274
188275
188276
188278
188279
188307
188308
188309
188310
188311
188312
188313
188314
188315
188355
188356
188357
188382
188383
188384
188385
188386
188387
188388
188389
188390
188416
188417
188421
188422
188423
188428
188429
188463
188464
188465
188496
188497
188498
188503
188504
188509
188510
188535
188536
188537
188538
188539
188540
188541
188542
188543
188566
188567
188571
188572
188573
188581
188582
188616
188617
188618
188619
188620
188621
188643
188644
188645
188646
188647
188648
188653
188654
188656
188657
188679
188680
188681
188682
188683
188684
188685
188686
188687
188727
188728
188729
188754
188755
188756
188757
188758
188759
188763
188764
188765
188805
188806
188807
188835
188836
188837
188841
188842
188843
188866
188867
188875
188876
188883
188884
188885
188919
188920
188921
188952
188953
188954
188955
188956
188957
188961
188962
188963
188986
188987
188995
188996
188997
188998
188999
189030
189031
189032
189033
189034
189035
189067
189068
189072
189073
189074
189076
189077
189105
189106
189107
189108
189109
189110
189111
189112
189113
189153
189154
189155
189180
189181
189182
189187
189188
189193
189194
189219
189220
189221
189222
189223
189224
189225
189226
189227
189249
189250
189251
189256
189257
189268
189269
189297
189298
189299
189303
189304
189305
189327
189328
189329
189330
189331
189332
189334
189335
189337
189338
189363
189364
189365
189366
189367
189368
189369
189370
189371
189402
189403
189404
189411
189412
189413
189438
189439
189440
189444
189445
189446
189447
189448
189449
189489
189490
189491
189519
189520
189521
189525
189526
189527
189550
189551
189559
189560
189567
189568
189569
189594
189595
189596
189606
189607
189608
189637
189638
189642
189643
189644
189652
189653
189675
189676
189677
189678
189679
189680
189681
189682
189683
189717
189718
189719
189756
189757
189758
189759
189760
189761
189784
189785
189789
189790
189791
189799
189800
189834
189835
189836
189837
189838
189839
189861
189862
189863
189868
189869
189880
189881
189903
189904
189905
189906
189907
189908
189909
189910
189911
189936
189937
189938
189948
189949
189950
189979
189980
189984
189985
189986
189994
189995
190017
190018
190019
190020
190021
190022
190023
190024
190025
190059
190060
190061
190093
190094
190098
190099
190100
190108
190109
190131
190132
190133
190134
190135
190136
190137
190138
190139
190162
190163
190167
190168
190169
190177
190178
190212
190213
190214
190215
190216
190217
190239
190240
190241
190242
190243
190244
190249
190250
190252
190253
190275
190276
190277
190278
190279
190280
190281
190282
190283
190314
190315
190316
190317
190318
190319
190356
190357
190358
190359
190360
190361
190395
190396
190397
190437
190438
190439
190479
190480
190481
190509
190510
190518
190519
190521
190522
190523
190551
190552
190553
190557
190558
190559
190560
190561
190562
190590
190591
190593
190594
190595
190596
190597
190635
190636
190637
190671
190672
190673
190677
190678
190679
190713
190714
190715
190752
190753
190754
190755
190756
190757
190785
190786
190794
190795
190833
190834
190835
190839
190840
190841
190863
190864
190865
190869
190870
190881
190882
190905
190906
190907
190908
190909
190910
190911
190912
190913
190935
190936
190941
190942
190943
190950
190951
190986
190987
190988
190989
190990
190991
191013
191014
191015
191016
191017
191018
191019
191020
191022
191023
191049
191050
191051
191052
191053
191054
191055
191056
191057
191079
191080
191081
191097
191098
191099
191124
191125
191127
191128
191133
191134
191135
191157
191158
191159
191160
191161
191162
191163
191164
191165
191169
191170
191171
191193
191194
191196
191197
191199
191200
191201
191235
191236
191237
191268
191269
191270
191271
191272
191273
191277
191278
191279
191304
191305
191306
191316
191317
191318
191352
191353
191354
191355
191356
191357
191382
191383
191384
191394
191395
191396
191427
191428
191429
191430
191431
191432
191457
191459
191466
191468
191469
191470
191471
191514
191515
191516
191544
191546
191547
191549
191556
191557
191558
191583
191584
191585
191586
191587
191588
191592
191593
191594
191595
191596
191597
191619
191621
191622
191623
191624
191625
191627
191667
191668
191669
191694
191696
191700
191701
191702
191703
191705
191733
191734
191735
191736
191737
191738
191739
191740
191741
191763
191765
191769
191770
191771
191778
191780
191814
191815
191816
191817
191818
191819
191841
191842
191843
191844
191845
191846
191847
191849
191850
191852
191877
191878
191879
191880
191881
191882
191883
191884
191885
191910
191911
191912
191922
191923
191924
191958
191959
191960
191961
191962
191963
192003
192004
192005
192036
192037
192038
192039
192040
192041
192066
192067
192069
192070
192078
192079
192080
192117
192118
192119
192150
192151
192152
192153
192154
192155
192159
192160
192161
192183
192184
192192
192193
192195
192196
192197
192228
192229
192230
192231
192232
192233
192267
192268
192269
192273
192274
192275
192315
192316
192317
192342
192343
192344
192345
192346
192347
192348
192349
192350
192375
192376
192381
192382
192383
192387
192388
192423
192424
192425
192453
192454
192462
192463
192465
192466
192467
192495
192496
192497
192498
192499
192500
192501
192502
192503
192507
192508
192509
192531
192532
192534
192535
192537
192538
192539
192564
192565
192566
192576
192577
192578
192606
192607
192612
192613
192614
192621
192622
192645
192646
192647
192648
192649
192650
192651
192652
192653
192687
192688
192689
192720
192721
192726
192727
192728
192735
192736
192759
192760
192761
192762
192763
192764
192765
192766
192767
192789
192790
192791
192795
192796
192807
192808
192837
192838
192839
192843
192844
192845
192867
192868
192869
192870
192871
192872
192876
192877
192879
192880
192903
192904
192905
192906
192907
192908
192909
192910
192911
192942
192943
192944
192951
192952
192953
192978
192979
192980
192981
192982
192983
192984
192985
192986
193023
193024
193025
193059
193060
193061
193065
193066
193067
193101
193102
193103
193137
193138
193139
193143
193144
193145
193168
193169
193177
193178
193185
193186
193187
193221
193222
193223
193252
193253
193261
193262
193263
193264
193265
193293
193294
193295
193296
193297
193298
193299
193300
193301
193302
193303
193304
193329
193330
193331
193333
193334
193336
193337
193359
193360
193361
193371
193372
193373
193405
193406
193407
193408
193409
193411
193412
193437
193438
193439
193440
193441
193442
193443
193444
193445
193446
193447
193448
193473
193474
193475
193477
193478
193480
193481
193512
193513
193514
193515
193516
193517
193554
193555
193556
193557
193558
193559
193590
193591
193592
193599
193600
193601
193630
193631
193639
193640
193671
193672
193673
193674
193675
193676
193677
193678
193679
193713
193714
193715
193749
193750
193751
193752
193753
193754
193780
193781
193785
193786
193787
193795
193796
193830
193831
193832
193833
193834
193835
193857
193858
193859
193864
193865
193876
193877
193899
193900
193901
193902
193903
193904
193905
193906
193907
193947
193948
193949
193975
193976
193980
193981
193982
193984
193985
194013
194014
194015
194016
194017
194018
194019
194020
194021
194043
194044
194045
194050
194051
194056
194057
194091
194092
194093
194094
194095
194096
194121
194122
194123
194124
194125
194126
194128
194129
194131
194132
194157
194158
194159
194160
194161
194162
194163
194164
194165
194199
194200
194201
194235
194236
194237
194238
194239
194240
194280
194281
194282
194313
194314
194315
194316
194317
194318
194344
194345
194353
194354
194355
194356
194357
194403
194404
194405
194430
194431
194432
194437
194438
194443
194444
194469
194470
194471
194472
194473
194474
194475
194476
194477
194514
194515
194516
194544
194545
194546
194550
194551
194552
194553
194554
194555
194578
194579
194584
194585
194586
194587
194588
194613
194614
194615
194631
194632
194633
194659
194660
194662
194663
194667
194668
194669
194691
194692
194693
194694
194695
194696
194700
194701
194702
194703
194704
194705
194728
194729
194730
194731
194732
194734
194735
194772
194773
194774
194802
194803
194804
194808
194809
194810
194811
194812
194813
194853
194854
194855
194886
194887
194888
194889
194890
194891
194916
194917
194919
194920
194928
194929
194930
194958
194959
194960
194970
194971
194972
195000
195001
195006
195007
195008
195015
195016
195039
195040
195041
195042
195043
195044
195045
195046
195047
195081
195082
195083
195114
195115
195116
195117
195118
195119
195123
195124
195125
195147
195148
195156
195157
195159
195160
195161
195189
195190
195191
195198
195199
195200
195228
195229
195234
195235
195236
195237
195238
195261
195262
195263
195264
195265
195266
195267
195268
195269
195270
195271
195272
195297
195298
195299
195300
195301
195303
195304
195342
195343
195344
195378
195379
195380
195381
195382
195383
195417
195418
195419
195450
195451
195459
195460
195495
195496
195497
195498
195499
195500
195501
195502
195503
195537
195538
195539
195570
195571
195572
195573
195574
195575
195579
195580
195581
195603
195604
195612
195613
195615
195616
195617
195639
195640
195641
195651
195652
195653
195684
195685
195687
195688
195689
195690
195691
195717
195718
195719
195720
195721
195722
195723
195724
195725
195726
195727
195728
195753
195754
195755
195756
195757
195759
195760
195792
195793
195794
195795
195796
195797
195831
195832
195833
195837
195838
195839
195870
195871
195872
195879
195880
195881
195910
195911
195919
195920
195951
195952
195953
195954
195955
195956
195957
195958
195959
195993
195994
195995
196029
196030
196031
196035
196036
196037
196068
196069
196070
196077
196078
196079
196105
196106
196110
196111
196112
196114
196115
196143
196144
196145
196146
196147
196148
196149
196150
196151
196180
196181
196189
196190
196227
196228
196229
196233
196234
196235
196257
196258
196259
196260
196261
196262
196264
196265
196267
196268
196293
196294
196295
196296
196297
196298
196299
196300
196301
196323
196324
196325
196330
196331
196342
196343
196371
196372
196373
196377
196378
196379
196401
196402
196403
196404
196405
196406
196408
196409
196411
196412
196437
196438
196439
196440
196441
196442
196443
196444
196445
196485
196486
196487
196515
196516
196517
196521
196522
196523
196554
196555
196556
196557
196558
196559
196588
196589
196597
196598
196635
196636
196637
196638
196639
196640
196641
196642
196643
196677
196678
196679
196710
196711
196712
196713
196714
196715
196716
196717
196718
196744
196745
196749
196750
196751
196756
196757
196788
196789
196790
196797
196798
196799
196824
196825
196826
196831
196832
196837
196838
196863
196864
196865
196866
196867
196868
196869
196870
196871
196911
196912
196913
196939
196940
196944
196945
196946
196948
196949
196977
196978
196979
196980
196981
196982
196983
196984
196985
197007
197008
197009
197014
197015
197026
197027
197055
197056
197057
197061
197062
197063
197085
197086
197087
197088
197089
197090
197092
197093
197095
197096
197121
197122
197123
197124
197125
197126
197127
197128
197129
197154
197155
197156
197166
197167
197168
197196
197197
197198
197202
197203
197204
197205
197206
197207
197241
197242
197243
197280
197281
197282
197283
197284
197285
197310
197312
197313
197315
197322
197323
197324
197358
197359
197360
197367
197368
197369
197394
197396
197400
197401
197402
197409
197411
197433
197434
197435
197436
197437
197438
197439
197440
197441
197478
197479
197480
197508
197509
197510
197511
197512
197513
197514
197515
197516
197541
197543
197547
197548
197549
197553
197555
197595
197596
197597
197622
197624
197628
197629
197630
197631
197633
197661
197662
197663
197664
197665
197666
197667
197668
197669
197691
197692
197693
197697
197699
197703
197705
197739
197740
197741
197742
197743
197744
197769
197770
197771
197772
197773
197774
197775
197777
197778
197780
197805
197806
197807
197808
197809
197810
197811
197812
197813
197847
197848
197849
197880
197881
197882
197886
197887
197888
197889
197890
197891
197916
197917
197918
197928
197929
197930
197961
197962
197963
197964
197965
197966
198045
198046
198047
198048
198049
198050
198075
198077
198084
198086
198087
198088
198089
198132
198133
198134
198162
198164
198165
198167
198174
198175
198176
198201
198202
198203
198204
198205
198206
198210
198211
198212
198213
198214
198215
198237
198239
198240
198241
198242
198243
198245
198273
198274
198275
198282
198283
198284
198312
198314
198318
198319
198320
198321
198323
198345
198346
198347
198348
198349
198350
198354
198355
198356
198357
198358
198359
198381
198383
198384
198385
198386
198387
198389
198411
198412
198413
198429
198430
198431
198459
198460
198461
198465
198466
198467
198501
198502
198503
198531
198532
198540
198541
198579
198580
198581
198582
198583
198584
198585
198586
198587
198627
198628
198629
198654
198655
198656
198660
198661
198666
198667
198693
198694
198695
198696
198697
198698
198699
198700
198701
198741
198742
198743
198768
198769
198770
198771
198772
198773
198774
198775
198776
198801
198802
198807
198808
198809
198813
198814
198837
198838
198839
198855
198856
198857
198882
198883
198885
198886
198891
198892
198893
198915
198916
198917
198918
198919
198920
198921
198922
198923
198927
198928
198929
198951
198952
198954
198955
198957
198958
198959
198990
198991
198992
198999
199000
199001
199029
199030
199031
199035
199036
199037
199108
199109
199117
199118
199155
199156
199157
199158
199159
199160
199161
199162
199163
199185
199186
199187
199192
199193
199204
199205
199233
199234
199235
199239
199240
199241
199263
199264
199265
199266
199267
199268
199270
199271
199273
199274
199299
199300
199301
199302
199303
199304
199305
199306
199307
199341
199342
199343
199377
199378
199379
199383
199384
199385
199464
199465
199466
199467
199468
199469
199497
199498
199506
199507
199545
199546
199547
199551
199552
199553
199575
199576
199581
199582
199583
199590
199591
199617
199618
199619
199620
199621
199622
199623
199624
199625
199659
199660
199661
199692
199693
199698
199699
199700
199701
199702
199731
199732
199733
199734
199735
199736
199737
199738
199739
199761
199762
199767
199768
199769
199776
199777
199812
199813
199814
199815
199816
199817
199839
199840
199841
199842
199843
199844
199848
199849
199851
199852
199875
199876
199877
199878
199879
199880
199881
199882
199883
199923
199924
199925
199950
199951
199952
199953
199954
199955
199956
199957
199958
199995
199996
199997
200031
200032
200033
200037
200038
200039
200061
200063
200070
200072
200079
200080
200081
200121
200122
200123
200148
200149
200150
200151
200152
200153
200154
200155
200156
200181
200183
200187
200188
200189
200193
200195
200235
200236
200237
200262
200263
200264
200265
200266
200267
200271
200272
200273
200295
200297
200304
200306
200307
200308
200309
200343
200344
200345
200376
200377
200378
200382
200384
200388
200390
200415
200416
200417
200418
200419
200420
200421
200422
200423
200445
200447
200451
200452
200453
200460
200462
200496
200497
200498
200499
200500
200501
200523
200524
200525
200526
200527
200528
200532
200534
200535
200537
200559
200560
200561
200562
200563
200564
200565
200566
200567
200607
200608
200609
200634
200635
200636
200637
200638
200639
200640
200641
200642
200679
200680
200681
200715
200716
200717
200721
200722
200723
200745
200747
200754
200756
200763
200764
200765
200802
200803
200804
200832
200833
200834
200835
200836
200837
200838
200839
200840
200865
200867
200871
200872
200873
200877
200879
200916
200917
200918
200946
200947
200948
200952
200953
200954
200955
200956
200957
200979
200981
200985
200987
200988
200989
200990
201015
201016
201017
201027
201028
201029
201060
201062
201063
201064
201065
201066
201068
201093
201094
201095
201096
201097
201098
201102
201103
201104
201105
201106
201107
201129
201131
201132
201133
201134
201135
201137
201168
201169
201170
201171
201172
201173
201207
201208
201209
201210
201211
201212
201291
201292
201300
201301
201333
201334
201335
201336
201337
201338
201339
201340
201341
201381
201382
201383
201411
201412
201413
201417
201418
201419
201441
201442
201443
201447
201448
201453
201454
201489
201490
201491
201492
201493
201494
201519
201520
201525
201526
201527
201534
201535
201561
201562
201563
201564
201565
201566
201567
201568
201569
201597
201598
201599
201606
201607
201608
201636
201637
201642
201643
201644
201645
201646
201669
201670
201671
201672
201673
201674
201675
201676
201677
201678
201679
201680
201705
201706
201707
201708
201709
201711
201712
201753
201754
201755
201780
201781
201782
201783
201784
201785
201786
201787
201788
201828
201829
201830
201861
201862
201863
201867
201868
201869
201891
201893
201900
201902
201909
201910
201911
201948
201949
201950
201978
201979
201980
201984
201985
201986
201987
201988
201989
202011
202013
202017
202019
202020
202021
202022
202065
202066
202067
202092
202093
202094
202098
202099
202100
202101
202102
202103
202125
202127
202131
202133
202134
202135
202136
202179
202180
202181
202209
202210
202211
202215
202216
202217
202239
202241
202245
202246
202247
202254
202256
202290
202291
202292
202293
202294
202295
202317
202319
202323
202324
202325
202332
202334
202359
202360
202361
202362
202363
202364
202365
202366
202367
202389
202390
202391
202401
202402
202403
202434
202436
202437
202438
202439
202440
202442
202467
202468
202469
202470
202471
202472
202473
202474
202475
202476
202477
202478
202503
202504
202505
202506
202508
202509
202511
202545
202546
202547
202578
202579
202580
202581
202582
202583
202587
202588
202589
202623
202624
202625
202659
202660
202661
202662
202663
202664
202689
202690
202698
202699
202701
202702
202703
202749
202750
202751
202776
202777
202778
202779
202780
202781
202782
202783
202784
202809
202810
202815
202816
202817
202821
202822
202845
202846
202847
202863
202864
202865
202890
202891
202893
202894
202899
202900
202901
202923
202924
202925
202926
202927
202928
202929
202930
202931
202935
202936
202937
202959
202960
202962
202963
202965
202966
202967
202998
202999
203000
203007
203008
203009
203037
203038
203039
203043
203044
203045
203076
203077
203078
203085
203086
203087
203109
203110
203118
203119
203157
203158
203159
203160
203161
203162
203163
203164
203165
203202
203203
203204
203232
203233
203234
203235
203236
203237
203238
203239
203240
203265
203266
203271
203272
203273
203277
203278
203319
203320
203321
203346
203347
203348
203352
203353
203354
203355
203356
203357
203379
203380
203385
203386
203388
203389
203390
203418
203419
203420
203430
203431
203432
203460
203461
203466
203467
203468
203469
203470
203499
203500
203501
203502
203503
203504
203505
203506
203507
203547
203548
203549
203574
203575
203576
203577
203578
203579
203583
203584
203585
203607
203608
203616
203617
203619
203620
203621
203655
203656
203657
203688
203689
203690
203691
203692
203693
203697
203698
203699
203721
203722
203730
203731
203733
203734
203735
203763
203764
203765
203772
203773
203774
203802
203803
203808
203809
203810
203811
203812
203835
203836
203837
203838
203839
203840
203841
203842
203843
203844
203845
203846
203871
203872
203873
203874
203875
203877
203878
203910
203911
203912
203913
203914
203915
203952
203953
203954
203955
203956
203957
203988
203989
203990
203997
203998
203999
204027
204028
204029
204033
204034
204035
204066
204067
204068
204075
204076
204077
204099
204101
204108
204110
204147
204148
204149
204150
204151
204152
204153
204154
204155
204195
204196
204197
204222
204223
204224
204228
204229
204230
204231
204232
204233
204255
204256
204257
204273
204274
204275
204300
204302
204303
204305
204309
204310
204311
204333
204334
204335
204339
204340
204341
204345
204346
204347
204372
204374
204375
204377
204381
204382
204383
204414
204415
204416
204417
204418
204419
204450
204452
204456
204457
204458
204465
204467
204489
204490
204491
204492
204493
204494
204495
204496
204497
204531
204532
204533
204561
204563
204570
204572
204573
204574
204575
204603
204604
204605
204606
204607
204608
204609
204610
204611
204612
204613
204614
204639
204640
204641
204642
204644
204645
204647
204681
204682
204683
204714
204715
204716
204720
204722
204726
204728
204753
204754
204755
204756
204757
204758
204759
204760
204761
204801
204802
204803
204828
204829
204830
204834
204836
204840
204842
204867
204868
204869
204870
204871
204872
204873
204874
204875
204897
204899
204903
204904
204905
204912
204914
204948
204949
204950
204951
204952
204953
204975
204976
204977
204978
204979
204980
204981
204983
204984
204986
205011
205012
205013
205014
205015
205016
205017
205018
205019
205044
205045
205046
205056
205057
205058
205089
205090
205091
205092
205093
205094
205122
205123
205124
205134
205135
205136
205165
205166
205174
205175
205209
205210
205211
205212
205213
205214
205215
205216
205217
205254
205255
205256
205290
205291
205292
205293
205294
205295
205323
205324
205325
205332
205333
205334
205363
205364
205368
205369
205370
205372
205373
205395
205396
205397
205404
205405
205406
205407
205408
205409
205435
205436
205440
205441
205442
205444
205445
205467
205468
205469
205474
205475
205480
205481
205515
205516
205517
205518
205519
205520
205545
205546
205547
205548
205549
205550
205552
205553
205558
205559
205581
205582
205583
205584
205585
205586
205587
205588
205589
205620
205621
205622
205623
205624
205625
205662
205663
205664
205665
205666
205667
205701
205702
205703
205734
205735
205736
205737
205738
205739
205740
205741
205742
205779
205780
205781
205816
205817
205825
205826
205857
205858
205859
205860
205861
205862
205863
205864
205865
205894
205895
205903
205904
205941
205942
205943
205947
205948
205949
205971
205972
205973
205974
205975
205976
205981
205982
205984
205985
206007
206008
206009
206010
206011
206012
206013
206014
206015
206055
206056
206057
206082
206083
206084
206085
206086
206087
206091
206092
206093
206116
206117
206125
206126
206127
206128
206129
206151
206152
206153
206163
206164
206165
206197
206198
206199
206200
206201
206203
206204
206229
206230
206231
206232
206233
206234
206235
206236
206237
206241
206242
206243
206266
206267
206269
206270
206271
206272
206273
206298
206299
206300
206310
206311
206312
206340
206341
206342
206346
206347
206348
206349
206350
206351
206391
206392
206393
206424
206425
206426
206427
206428
206429
206454
206455
206457
206458
206466
206467
206468
206496
206497
206498
206508
206509
206510
206538
206539
206544
206545
206546
206553
206554
206577
206578
206579
206580
206581
206582
206583
206584
206585
206622
206623
206624
206652
206653
206654
206655
206656
206657
206661
206662
206663
206685
206686
206694
206695
206697
206698
206699
206727
206728
206729
206736
206737
206738
206766
206767
206772
206773
206774
206775
206776
206799
206800
206801
206802
206803
206804
206808
206809
206810
206811
206812
206813
206835
206836
206838
206839
206840
206841
206842
206868
206869
206870
206880
206881
206882
206916
206917
206918
206919
206920
206921
206952
206953
206954
206955
206956
206957
206989
206990
206998
206999
207033
207034
207035
207036
207037
207038
207039
207040
207041
207081
207082
207083
207108
207109
207110
207111
207112
207113
207117
207118
207119
207142
207143
207151
207152
207153
207154
207155
207195
207196
207197
207222
207223
207224
207225
207226
207227
207231
207232
207233
207256
207257
207265
207266
207267
207268
207269
207291
207292
207293
207303
207304
207305
207337
207338
207339
207340
207341
207343
207344
207369
207370
207371
207372
207373
207374
207375
207376
207377
207381
207382
207383
207406
207407
207409
207410
207411
207412
207413
207444
207445
207446
207447
207448
207449
207486
207487
207488
207489
207490
207491
207522
207523
207524
207531
207532
207533
207562
207563
207571
207572
207603
207604
207605
207606
207607
207608
207609
207610
207611
207642
207643
207644
207651
207652
207653
207684
207685
207686
207687
207688
207689
207729
207730
207731
207759
207760
207761
207765
207766
207767
207790
207791
207799
207800
207807
207808
207809
207883
207884
207888
207889
207890
207892
207893
207921
207922
207923
207924
207925
207926
207927
207928
207929
207952
207953
207957
207958
207959
207967
207968
208002
208003
208004
208005
208006
208007
208029
208030
208031
208032
208033
208034
208039
208040
208042
208043
208065
208066
208067
208068
208069
208070
208071
208072
208073
208096
208097
208101
208102
208103
208111
208112
208146
208147
208148
208149
208150
208151
208173
208174
208175
208176
208177
208178
208180
208181
208186
208187
208209
208210
208211
208212
208213
208214
208215
208216
208217
208248
208249
208250
208257
208258
208259
208287
208288
208289
208293
208294
208295
208320
208321
208322
208332
208333
208334
208365
208366
208367
208368
208369
208370
208413
208414
208415
208438
208439
208447
208448
208455
208456
208457
208479
208480
208481
208488
208489
208490
208491
208492
208493
208519
208520
208524
208525
208526
208528
208529
208551
208552
208553
208558
208559
208570
208571
208599
208600
208601
208605
208606
208607
208629
208630
208631
208632
208633
208634
208639
208640
208642
208643
208665
208666
208667
208668
208669
208670
208671
208672
208673
208698
208699
208700
208710
208711
208712
208740
208741
208742
208746
208747
208748
208749
208750
208751
208776
208777
208778
208788
208789
208790
208821
208822
208823
208824
208825
208826
208908
208909
208910
208911
208912
208913
208939
208940
208942
208943
208950
208951
208952
208980
208981
208982
208992
208993
208994
209023
209024
209032
209033
209067
209068
209069
209070
209071
209072
209073
209074
209075
209098
209099
209103
209104
209105
209113
209114
209148
209149
209150
209151
209152
209153
209175
209176
209177
209178
209179
209180
209182
209183
209188
209189
209211
209212
209213
209214
209215
209216
209217
209218
209219
209256
209257
209258
209287
209288
209292
209293
209294
209302
209303
209325
209326
209327
209328
209329
209330
209331
209332
209333
209355
209356
209357
209362
209363
209368
209369
209403
209404
209405
209406
209407
209408
209433
209434
209435
209436
209437
209438
209440
209441
209446
209447
209469
209470
209471
209472
209473
209474
209475
209476
209477
209508
209509
209510
209517
209518
209519
209544
209545
209546
209547
209548
209549
209550
209551
209552
209595
209596
209597
209625
209626
209627
209631
209632
209633
209656
209657
209665
209666
209712
209713
209714
209715
209716
209717
209740
209741
209745
209746
209747
209755
209756
209781
209782
209783
209784
209785
209786
209787
209788
209789
209811
209812
209813
209823
209824
209825
209857
209858
209859
209860
209861
209863
209864
209889
209890
209891
209892
209893
209894
209895
209896
209897
209898
209899
209900
209925
209926
209927
209929
209930
209932
209933
210009
210010
210011
210012
210013
210014
210054
210055
210056
210087
210088
210089
210090
210091
210092
210117
210119
210126
210128
210129
210130
210131
210168
210169
210170
210177
210178
210179
210204
210205
210206
210210
210212
210216
210218
210243
210244
210245
210246
210247
210248
210249
210250
210251
210273
210274
210275
210279
210281
210285
210287
210321
210322
210323
210324
210325
210326
210351
210352
210353
210354
210355
210356
210357
210359
210360
210362
210387
210388
210389
210390
210391
210392
210393
210394
210395
210426
210427
210428
210435
210436
210437
210462
210463
210464
210465
210466
210467
210471
210472
210473
210498
210499
210500
210510
210511
210512
210543
210544
210545
210546
210547
210548
210591
210592
210593
210621
210622
210623
210627
210628
210629
210652
210653
210661
210662
210669
210670
210671
210708
210709
210710
210739
210740
210742
210743
210750
210751
210752
210777
210778
210779
210780
210781
210782
210783
210784
210785
210789
210790
210791
210814
210815
210817
210818
210819
210820
210821
210843
210844
210845
210861
210862
210863
210889
210890
210892
210893
210897
210898
210899
210921
210922
210923
210924
210925
210926
210930
210931
210932
210933
210934
210935
210958
210959
210960
210961
210962
210964
210965
210990
210991
210992
211002
211003
211004
211032
211033
211034
211038
211039
211040
211041
211042
211043
211080
211081
211082
211116
211117
211118
211119
211120
211121
211147
211148
211150
211151
211158
211159
211160
211188
211189
211190
211200
211201
211202
211233
211234
211235
211236
211237
211238
211266
211267
211268
211278
211279
211280
211309
211310
211318
211319
211353
211354
211355
211356
211357
211358
211359
211360
211361
211398
211399
211400
211428
211429
211430
211434
211435
211436
211437
211438
211439
211462
211463
211468
211469
211470
211471
211472
211503
211504
211505
211512
211513
211514
211543
211544
211548
211549
211550
211552
211553
211575
211576
211577
211578
211579
211580
211584
211585
211586
211587
211588
211589
211612
211613
211614
211615
211616
211618
211619
211647
211648
211649
211656
211657
211658
211687
211688
211692
211693
211694
211696
211697
211719
211720
211721
211722
211723
211724
211728
211729
211730
211731
211732
211733
211756
211757
211758
211759
211760
211762
211763
211788
211789
211790
211800
211801
211802
211833
211834
211835
211836
211837
211838
211915
211916
211924
211925
211959
211960
211961
211962
211963
211964
211965
211966
211967
212001
212002
212003
212037
212038
212039
212043
212044
212045
212082
212083
212084
212115
212116
212117
212118
212119
212120
212146
212147
212155
212156
212157
212158
212159
212193
212194
212195
212202
212203
212204
212233
212234
212238
212239
212240
212242
212243
212265
212266
212267
212268
212269
212270
212274
212275
212276
212277
212278
212279
212302
212303
212304
212305
212306
212308
212309
212331
212332
212333
212338
212339
212344
212345
212379
212380
212381
212382
212383
212384
212409
212410
212411
212412
212413
212414
212416
212417
212419
212420
212445
212446
212447
212448
212449
212450
212451
212452
212453
212475
212476
212477
212484
212485
212486
212493
212494
212495
212523
212524
212525
212526
212527
212528
212568
212569
212570
212598
212599
212600
212604
212605
212606
212607
212608
212609
212646
212647
212648
212682
212683
212684
212685
212686
212687
212713
212714
212716
212717
212724
212725
212726
212769
212770
212771
212794
212795
212803
212804
212811
212812
212813
212835
212836
212837
212838
212839
212840
212844
212845
212846
212847
212848
212849
212872
212873
212874
212875
212876
212878
212879
212913
212914
212915
212952
212953
212954
212955
212956
212957
212985
212986
212987
212994
212995
212996
213025
213026
213030
213031
213032
213034
213035
213057
213058
213059
213063
213064
213065
213066
213067
213068
213097
213098
213099
213100
213101
213103
213104
213129
213130
213131
213136
213137
213142
213143
213177
213178
213179
213180
213181
213182
213207
213208
213209
213210
213211
213212
213214
213215
213220
213221
213243
213244
213245
213246
213247
213248
213249
213250
213251
213324
213325
213326
213330
213331
213332
213333
213334
213335
213360
213361
213362
213372
213373
213374
213402
213403
213404
213408
213409
213410
213411
213412
213413
213450
213451
213452
213486
213487
213488
213489
213490
213491
213517
213518
213520
213521
213528
213529
213530
213612
213613
213614
213615
213616
213617
213643
213644
213646
213647
213654
213655
213656
213687
213688
213689
213696
213697
213698
213727
213728
213732
213733
213734
213736
213737
213759
213760
213761
213762
213763
213764
213768
213769
213770
213771
213772
213773
213796
213797
213798
213799
213800
213802
213803
213831
213832
213833
213840
213841
213842
213871
213872
213876
213877
213878
213880
213881
213903
213904
213905
213906
213907
213908
213912
213913
213914
213915
213916
213917
213940
213941
213942
213943
213944
213946
213947
213987
213988
213989
214014
214015
214016
214017
214018
214019
214023
214024
214025
214059
214060
214061
214095
214096
214097
214101
214102
214103
214126
214127
214135
214136
214143
214144
214145
214176
214177
214178
214185
214186
214187
214212
214213
214214
214215
214216
214217
214218
214219
214220
214246
214247
214251
214252
214253
214258
214259
214296
214297
214298
214327
214328
214332
214333
214334
214336
214337
214365
214366
214367
214368
214369
214370
214371
214372
214373
214396
214397
214401
214402
214403
214411
214412
214446
214447
214448
214449
214450
214451
214473
214474
214475
214476
214477
214478
214480
214481
214486
214487
214509
214510
214511
214512
214513
214514
214515
214516
214517
214554
214555
214556
214584
214585
214586
214587
214588
214589
214593
214594
214595
214626
214627
214628
214635
214636
214637
214665
214666
214667
214671
214672
214673
214710
214711
214712
214746
214747
214748
214749
214750
214751
214777
214778
214780
214781
214788
214789
214790
214864
214865
214873
214874
214911
214912
214913
214914
214915
214916
214917
214918
214919
214941
214942
214943
214948
214949
214954
214955
214989
214990
214991
214992
214993
214994
215019
215020
215021
215022
215023
215024
215026
215027
215029
215030
215055
215056
215057
215058
215059
215060
215061
215062
215063
215094
215095
215096
215097
215098
215099
215131
215132
215136
215137
215138
215140
215141
215169
215170
215171
215172
215173
215174
215175
215176
215177
215214
215215
215216
215244
215245
215246
215247
215248
215249
215250
215251
215252
215278
215279
215283
215284
215285
215290
215291
215313
215314
215315
215325
215326
215327
215359
215360
215361
215362
215363
215365
215366
215391
215392
215393
215394
215395
215396
215400
215401
215402
215403
215404
215405
215428
215429
215430
215431
215432
215434
215435
215466
215467
215468
215469
215470
215471
215505
215506
215507
215508
215509
215510
215544
215545
215546
215553
215554
215555
215584
215585
215593
215594
215625
215626
215627
215628
215629
215630
215631
215632
215633
215664
215665
215666
215667
215668
215669
215709
215710
215711
215748
215749
215750
215757
215758
215759
215784
215785
215786
215790
215791
215792
215793
215794
215795
215829
215830
215831
215866
215867
215875
215876
215907
215908
215909
215910
215911
215912
215913
215914
215915
215937
215938
215939
215955
215956
215957
215983
215984
215986
215987
215991
215992
215993
216015
216016
216017
216021
216022
216023
216027
216028
216029
216055
216056
216058
216059
216063
216064
216065
216087
216088
216089
216094
216095
216100
216101
216135
216136
216137
216138
216139
216140
216165
216166
216167
216168
216169
216170
216175
216176
216178
216179
216201
216202
216203
216204
216205
216206
216207
216208
216209
216231
216232
216233
216238
216239
216244
216245
216279
216280
216281
216282
216283
216284
216309
216310
216311
216312
216313
216314
216316
216317
216322
216323
216345
216346
216347
216348
216349
216350
216351
216352
216353
216384
216385
216386
216387
216388
216389
216423
216424
216425
216426
216427
216428
216471
216472
216473
216501
216502
216503
216504
216505
216506
216531
216533
216540
216542
216543
216544
216545
216591
216592
216593
216618
216619
216620
216621
216622
216623
216627
216628
216629
216651
216653
216660
216662
216663
216664
216665
216699
216700
216701
216732
216733
216734
216735
216736
216737
216741
216742
216743
216765
216767
216774
216776
216777
216778
216779
216801
216802
216803
216813
216814
216815
216846
216848
216849
216850
216851
216852
216854
216879
216880
216881
216882
216883
216884
216885
216886
216887
216888
216889
216890
216915
216916
216917
216918
216920
216921
216923
216948
216949
216950
216960
216961
216962
216993
216994
216995
216999
217000
217001
217038
217039
217040
217069
217070
217078
217079
217113
217114
217115
217116
217117
217118
217119
217120
217121
217152
217153
217154
217155
217156
217157
217189
217190
217194
217195
217196
217204
217205
217227
217228
217229
217230
217231
217232
217233
217234
217235
217272
217273
217274
217305
217306
217307
217311
217312
217313
217335
217336
217337
217342
217343
217354
217355
217383
217384
217385
217389
217390
217391
217413
217414
217415
217420
217421
217426
217427
217455
217456
217457
217458
217459
217460
217461
217462
217463
217485
217486
217487
217497
217498
217499
217531
217532
217533
217534
217535
217537
217538
217563
217564
217565
217566
217567
217568
217569
217570
217571
217572
217573
217574
217599
217600
217601
217603
217604
217606
217607
217632
217633
217634
217644
217645
217646
217674
217675
217676
217677
217678
217679
217683
217684
217685
217722
217723
217724
217758
217759
217760
217761
217762
217763
217788
217790
217791
217793
217800
217801
217802
217836
217837
217838
217839
217840
217841
217872
217874
217878
217879
217880
217881
217883
217911
217912
217913
217914
217915
217916
217917
217918
217919
217959
217960
217961
217986
217987
217988
217992
217993
217994
217995
217996
217997
218019
218021
218025
218027
218028
218029
218030
218058
218059
218060
218070
218071
218072
218103
218104
218105
218106
218107
218108
218133
218134
218135
218145
218146
218147
218178
218180
218181
218182
218183
218184
218186
218211
218212
218213
218220
218221
218222
218223
218224
218225
218250
218252
218256
218257
218258
218259
218261
218283
218285
218289
218290
218291
218298
218300
218334
218335
218336
218337
218338
218339
218361
218362
218363
218364
218365
218366
218370
218372
218373
218375
218397
218398
218399
218400
218401
218402
218403
218404
218405
218439
218440
218441
218475
218476
218477
218481
218482
218483
218514
218515
218516
218523
218524
218525
218554
218555
218563
218564
218595
218596
218597
218598
218599
218600
218601
218602
218603
218640
218641
218642
218670
218671
218672
218673
218674
218675
218676
218677
218678
218704
218705
218709
218710
218711
218716
218717
218754
218755
218756
218784
218785
218786
218790
218791
218792
218793
218794
218795
218818
218819
218824
218825
218826
218827
218828
218853
218854
218855
218871
218872
218873
218899
218900
218902
218903
218907
218908
218909
218931
218932
218933
218934
218935
218936
218940
218941
218942
218943
218944
218945
218968
218969
218970
218971
218972
218974
218975
219012
219013
219014
219045
219046
219047
219051
219052
219053
219126
219128
219135
219137
219171
219172
219173
219174
219175
219176
219177
219178
219179
219213
219214
219215
219246
219247
219248
219249
219250
219251
219252
219253
219254
219279
219281
219285
219286
219287
219291
219293
219324
219325
219326
219333
219334
219335
219360
219362
219366
219367
219368
219369
219371
219399
219400
219401
219402
219403
219404
219405
219406
219407
219447
219448
219449
219474
219475
219476
219477
219478
219479
219480
219481
219482
219507
219509
219513
219514
219515
219519
219521
219555
219556
219557
219588
219589
219590
219591
219592
219593
219597
219598
219599
219621
219623
219630
219632
219633
219634
219635
219657
219658
219659
219675
219676
219677
219702
219704
219705
219707
219711
219712
219713
219735
219736
219737
219738
219739
219740
219741
219742
219743
219744
219745
219746
219771
219772
219773
219774
219776
219777
219779
219816
219817
219818
219849
219850
219851
219855
219856
219857
219894
219895
219896
219927
219928
219929
219933
219934
219935
219960
219962
219969
219971
220011
220012
220013
220014
220015
220016
220041
220042
220043
220047
220049
220053
220055
220083
220084
220085
220086
220087
220088
220089
220090
220091
220122
220123
220124
220131
220132
220133
220158
220159
220160
220161
220162
220163
220164
220165
220166
220191
220193
220197
220198
220199
220203
220205
220227
220228
220229
220245
220246
220247
220272
220274
220275
220277
220281
220282
220283
220305
220306
220307
220308
220309
220310
220311
220312
220313
220317
220318
220319
220341
220343
220344
220346
220347
220348
220349
220374
220375
220376
220386
220387
220388
220419
220420
220421
220425
220426
220427
220458
220459
220460
220461
220462
220463
220494
220495
220503
220504
220539
220540
220541
220542
220543
220544
220545
220546
220547
220587
220588
220589
220614
220615
220616
220620
220621
220626
220627
220653
220654
220655
220656
220657
220658
220659
220660
220661
220683
220684
220685
220689
220690
220701
220702
220731
220732
220733
220737
220738
220739
220761
220762
220763
220764
220765
220766
220767
220768
220770
220771
220797
220798
220799
220800
220801
220802
220803
220804
220805
220845
220846
220847
220878
220879
220880
220881
220882
220883
220908
220909
220910
220920
220921
220922
220948
220949
220957
220958
220995
220996
220997
220998
220999
221000
221001
221002
221003
221037
221038
221039
221070
221071
221072
221073
221074
221075
221079
221080
221081
221104
221105
221113
221114
221115
221116
221117
221142
221143
221144
221154
221155
221156
221187
221188
221189
221193
221194
221195
221217
221218
221219
221224
221225
221236
221237
221265
221266
221267
221271
221272
221273
221295
221296
221297
221302
221303
221308
221309
221337
221338
221339
221340
221341
221342
221343
221344
221345
221379
221380
221381
221412
221413
221414
221415
221416
221417
221418
221419
221420
221446
221447
221451
221452
221453
221458
221459
221487
221488
221489
221496
221497
221498
221527
221528
221532
221533
221534
221536
221537
221559
221560
221561
221562
221563
221564
221565
221566
221567
221568
221569
221570
221595
221596
221597
221599
221600
221602
221603
221643
221644
221645
221670
221671
221672
221673
221674
221675
221679
221680
221681
221715
221716
221717
221751
221752
221753
221757
221758
221759
221782
221783
221791
221792
221799
221800
221801
221832
221833
221834
221841
221842
221843
221868
221869
221870
221874
221875
221876
221877
221878
221879
221901
221902
221903
221919
221920
221921
221947
221948
221950
221951
221955
221956
221957
221979
221980
221981
221985
221986
221987
221991
221992
221993
222019
222020
222022
222023
222027
222028
222029
222066
222067
222068
222096
222097
222098
222099
222100
222101
222102
222103
222104
222130
222131
222135
222136
222137
222142
222143
222180
222181
222182
222210
222211
222212
222216
222217
222218
222219
222220
222221
222244
222245
222250
222251
222252
222253
222254
222285
222286
222287
222294
222295
222296
222325
222326
222330
222331
222332
222334
222335
222357
222358
222359
222360
222361
222362
222366
222367
222368
222369
222370
222371
222394
222395
222396
222397
222398
222400
222401
222438
222439
222440
222471
222472
222473
222477
222478
222479
222519
222520
222521
222552
222553
222554
222555
222556
222557
222583
222584
222586
222587
222594
222595
222596
222630
222631
222632
222639
222640
222641
222667
222668
222672
222673
222674
222676
222677
222705
222706
222707
222708
222709
222710
222711
222712
222713
222747
222748
222749
222780
222781
222782
222783
222784
222785
222789
222790
222791
222814
222815
222823
222824
222825
222826
222827
222858
222859
222860
222861
222862
222863
222895
222896
222900
222901
222902
222904
222905
222933
222934
222935
222936
222937
222938
222939
222940
222941
222978
222979
222980
223008
223009
223010
223015
223016
223021
223022
223047
223048
223049
223050
223051
223052
223053
223054
223055
223077
223078
223079
223084
223085
223096
223097
223125
223126
223127
223131
223132
223133
223155
223156
223157
223158
223159
223160
223162
223163
223168
223169
223191
223192
223193
223194
223195
223196
223197
223198
223199
223230
223231
223232
223233
223234
223235
223269
223270
223271
223275
223276
223277
223308
223309
223310
223317
223318
223319
223348
223349
223357
223358
223389
223390
223391
223392
223393
223394
223395
223396
223397
223437
223438
223439
223464
223465
223466
223467
223468
223469
223470
223471
223472
223498
223499
223503
223504
223505
223510
223511
223545
223546
223547
223578
223579
223580
223581
223582
223583
223587
223588
223589
223612
223613
223621
223622
223623
223624
223625
223665
223666
223667
223693
223694
223698
223699
223700
223702
223703
223731
223732
223733
223734
223735
223736
223737
223738
223739
223761
223762
223763
223768
223769
223780
223781
223809
223810
223811
223815
223816
223817
223839
223840
223841
223842
223843
223844
223846
223847
223849
223850
223875
223876
223877
223878
223879
223880
223881
223882
223883
223917
223918
223919
223950
223951
223952
223953
223954
223955
223956
223957
223958
223998
223999
224000
224031
224032
224033
224034
224035
224036
224061
224063
224070
224072
224073
224074
224075
224112
224113
224114
224115
224116
224117
224148
224149
224150
224154
224156
224160
224162
224187
224188
224189
224190
224191
224192
224193
224194
224195
224232
224233
224234
224262
224263
224264
224268
224269
224270
224271
224272
224273
224295
224297
224301
224303
224304
224305
224306
224331
224332
224333
224343
224344
224345
224376
224378
224379
224380
224381
224382
224384
224409
224410
224411
224412
224413
224414
224418
224419
224420
224421
224422
224423
224445
224447
224448
224449
224450
224451
224453
224484
224485
224486
224487
224488
224489
224526
224527
224528
224529
224530
224531
224565
224566
224567
224602
224603
224611
224612
224643
224644
224645
224646
224647
224648
224649
224650
224651
224691
224692
224693
224721
224722
224723
224724
224725
224726
224751
224752
224753
224763
224764
224765
224797
224798
224799
224800
224801
224803
224804
224829
224830
224831
224835
224836
224837
224841
224842
224843
224869
224870
224872
224873
224877
224878
224879
224902
224903
224907
224908
224909
224917
224918
224952
224953
224954
224955
224956
224957
224979
224980
224981
224982
224983
224984
224989
224990
224992
224993
225015
225016
225017
225018
225019
225020
225021
225022
225023
225048
225049
225050
225060
225061
225062
225096
225097
225098
225099
225100
225101
225126
225127
225128
225138
225139
225140
225168
225169
225170
225171
225172
225173
225174
225175
225176
225216
225217
225218
225249
225250
225251
225255
225256
225257
225282
225283
225291
225292
225333
225334
225335
225336
225337
225338
225363
225364
225365
225369
225370
225375
225376
225405
225406
225407
225408
225409
225410
225411
225412
225413
225444
225445
225446
225453
225454
225455
225486
225487
225488
225489
225490
225491
225519
225520
225521
225528
225529
225530
225558
225559
225564
225565
225566
225567
225568
225591
225592
225593
225597
225598
225599
225603
225604
225605
225630
225631
225633
225634
225639
225640
225641
225681
225682
225683
225708
225709
225710
225711
225712
225713
225714
225715
225716
225741
225742
225747
225748
225749
225753
225754
225780
225781
225789
225790
225831
225832
225833
225834
225835
225836
225861
225862
225863
225864
225865
225866
225867
225868
225873
225874
225897
225898
225899
225900
225901
225902
225903
225904
225905
225927
225928
225929
225939
225940
225941
225972
225973
225975
225976
225977
225978
225979
226005
226006
226007
226008
226009
226010
226011
226012
226013
226017
226018
226019
226041
226042
226044
226045
226047
226048
226049
226080
226081
226082
226083
226084
226085
226116
226117
226118
226131
226132
226133
226173
226174
226175
226203
226204
226212
226213
226245
226246
226247
226248
226249
226250
226251
226252
226253
226329
226330
226331
226332
226333
226334
226377
226378
226379
226404
226405
226410
226411
226412
226413
226414
226443
226444
226445
226446
226447
226448
226449
226450
226451
226473
226474
226475
226479
226480
226491
226492
226521
226522
226523
226527
226528
226529
226551
226552
226553
226557
226558
226563
226564
226593
226594
226595
226596
226597
226598
226599
226600
226601
226638
226639
226640
226668
226669
226674
226675
226676
226677
226678
226707
226708
226709
226710
226711
226712
226713
226714
226715
226737
226738
226739
226743
226744
226749
226750
226785
226786
226787
226788
226789
226790
226815
226816
226817
226818
226819
226820
226821
226822
226827
226828
226851
226852
226853
226854
226855
226856
226857
226858
226859
226893
226894
226895
226926
226927
226928
226929
226930
226931
226935
226936
226937
226977
226978
226979
227007
227008
227009
227010
227011
227012
227038
227039
227047
227048
227049
227050
227051
227091
227092
227093
227125
227126
227130
227131
227132
227134
227135
227163
227164
227165
227166
227167
227168
227169
227170
227171
227202
227203
227204
227205
227206
227207
227238
227239
227240
227241
227242
227243
227247
227248
227249
227272
227273
227281
227282
227283
227284
227285
227307
227308
227309
227319
227320
227321
227353
227354
227355
227356
227357
227359
227360
227385
227386
227387
227388
227389
227390
227391
227392
227393
227394
227395
227396
227421
227422
227423
227425
227426
227428
227429
227469
227470
227471
227499
227500
227501
227505
227506
227507
227538
227539
227540
227547
227548
227549
227572
227573
227581
227582
227619
227620
227621
227622
227623
227624
227625
227626
227627
227706
227707
227708
227709
227710
227711
227751
227752
227753
227784
227785
227786
227787
227788
227789
227815
227816
227818
227819
227826
227827
227828
227865
227866
227867
227901
227902
227903
227907
227908
227909
227932
227933
227937
227938
227939
227947
227948
227982
227983
227984
227985
227986
227987
228009
228010
228011
228016
228017
228028
228029
228051
228052
228053
228054
228055
228056
228057
228058
228059
228081
228082
228083
228099
228100
228101
228127
228128
228130
228131
228135
228136
228137
228159
228160
228161
228162
228163
228164
228165
228166
228167
228168
228169
228170
228195
228196
228197
228199
228200
228202
228203
228225
228226
228227
228232
228233
228244
228245
228273
228274
228275
228279
228280
228281
228303
228304
228305
228306
228307
228308
228310
228311
228316
228317
228339
228340
228341
228342
228343
228344
228345
228346
228347
228384
228385
228386
228414
228415
228416
228417
228418
228419
228423
228424
228425
228465
228466
228467
228498
228499
228500
228501
228502
228503
228529
228530
228532
228533
228540
228541
228542
228585
228586
228587
228618
228619
228620
228621
228622
228623
228657
228658
228659
228688
228689
228697
228698
228735
228736
228737
228738
228739
228740
228741
228742
228743
228765
228766
228767
228783
228784
228785
228811
228812
228814
228815
228819
228820
228821
228843
228844
228845
228846
228847
228848
228849
228850
228851
228855
228856
228857
228880
228881
228883
228884
228885
228886
228887
228927
228928
228929
228954
228955
228956
228961
228962
228967
228968
228993
228994
228995
228996
228997
228998
228999
229000
229001
229024
229025
229029
229030
229031
229039
229040
229074
229075
229076
229077
229078
229079
229101
229102
229103
229104
229105
229106
229108
229109
229111
229112
229137
229138
229139
229140
229141
229142
229143
229144
229145
229167
229168
229169
229179
229180
229181
229218
229219
229220
229221
229222
229223
229254
229255
229256
229263
229264
229265
229294
229295
229303
229304
229335
229336
229337
229338
229339
229340
229341
229342
229343
229383
229384
229385
229410
229411
229412
229413
229414
229415
229419
229420
229421
229444
229445
229453
229454
229455
229456
229457
229491
229492
229493
229525
229526
229530
229531
229532
229534
229535
229563
229564
229565
229566
229567
229568
229569
229570
229571
229611
229612
229613
229638
229639
229640
229641
229642
229643
229647
229648
229649
229672
229673
229681
229682
229683
229684
229685
229707
229708
229709
229719
229720
229721
229753
229754
229755
229756
229757
229759
229760
229785
229786
229787
229788
229789
229790
229791
229792
229793
229797
229798
229799
229822
229823
229825
229826
229827
229828
229829
229866
229867
229868
229896
229897
229898
229899
229900
229901
229902
229903
229904
229938
229939
229940
229941
229942
229943
229980
229981
229982
229983
229984
229985
230011
230012
230014
230015
230022
230023
230024
230067
230068
230069
230094
230095
230096
230097
230098
230099
230100
230101
230102
230128
230129
230133
230134
230135
230140
230141
230172
230173
230174
230181
230182
230183
230208
230209
230210
230215
230216
230221
230222
230247
230248
230249
230250
230251
230252
230253
230254
230255
230328
230329
230330
230331
230332
230333
230337
230338
230339
230362
230363
230371
230372
230373
230374
230375
230397
230398
230399
230415
230416
230417
230443
230444
230446
230447
230451
230452
230453
230475
230476
230477
230478
230479
230480
230481
230482
230483
230487
230488
230489
230512
230513
230515
230516
230517
230518
230519
230550
230551
230552
230559
230560
230561
230589
230590
230591
230592
230593
230594
230637
230638
230639
230662
230663
230671
230672
230709
230710
230711
230712
230713
230714
230715
230716
230717
230754
230755
230756
230785
230786
230790
230791
230792
230794
230795
230823
230824
230825
230826
230827
230828
230829
230830
230831
230856
230857
230858
230868
230869
230870
230899
230900
230904
230905
230906
230914
230915
230937
230938
230939
230940
230941
230942
230943
230944
230945
230982
230983
230984
231013
231014
231018
231019
231020
231028
231029
231051
231052
231053
231054
231055
231056
231057
231058
231059
231081
231082
231083
231088
231089
231094
231095
231129
231130
231131
231132
231133
231134
231159
231160
231161
231162
231163
231164
231166
231167
231172
231173
231195
231196
231197
231198
231199
231200
231201
231202
231203
231234
231235
231236
231243
231244
231245
231273
231274
231275
231279
231280
231281
231315
231316
231317
231345
231347
231354
231356
231393
231394
231395
231396
231397
231398
231399
231400
231401
231441
231442
231443
231468
231469
231470
231471
231472
231473
231474
231475
231476
231501
231503
231507
231508
231509
231513
231515
231537
231538
231539
231549
231550
231551
231582
231584
231585
231586
231587
231588
231590
231615
231616
231617
231618
231619
231620
231621
231622
231623
231627
231628
231629
231651
231653
231654
231656
231657
231658
231659
231693
231694
231695
231726
231727
231728
231729
231730
231731
231735
231736
231737
231774
231775
231776
231807
231808
231809
231813
231814
231815
231843
231845
231852
231854
231891
231892
231893
231897
231898
231899
231921
231922
231923
231927
231929
231933
231935
231963
231964
231965
231966
231967
231968
231969
231970
231971
231993
231994
231995
232011
232012
232013
232038
232040
232041
232043
232047
232048
232049
232071
232072
232073
232074
232075
232076
232077
232078
232079
232080
232081
232082
232107
232108
232109
232110
232112
232113
232115
232146
232147
232148
232149
232150
232151
232182
232183
232184
232185
232186
232187
232191
232192
232193
232227
232228
232229
232263
232264
232265
232266
232267
232268
232299
232301
232308
232310
232347
232348
232349
232353
232354
232355
232377
232378
232379
232383
232385
232395
232397
232419
232420
232421
232422
232423
232424
232425
232426
232427
232500
232502
232506
232507
232508
232509
232511
232539
232540
232541
232542
232543
232544
232545
232546
232547
232584
232585
232586
232614
232615
232616
232620
232621
232622
232623
232624
232625
232647
232649
232653
232655
232656
232657
232658
232689
232690
232691
232698
232699
232700
232728
232730
232734
232735
232736
232737
232739
232761
232762
232763
232764
232765
232766
232770
232771
232772
232773
232774
232775
232797
232799
232800
232801
232802
232803
232805
232839
232840
232841
232872
232873
232874
232878
232879
232880
232881
232882
232883
232920
232921
232922
232953
232954
232955
232956
232957
232958
232984
232985
232993
232994
232995
232996
232997
233076
233077
233078
233082
233083
233084
233085
233086
233087
233110
233111
233116
233117
233118
233119
233120
233148
233149
233150
233160
233161
233162
233190
233191
233192
233193
233194
233195
233196
233197
233198
233224
233225
233229
233230
233231
233236
233237
233265
233266
233267
233274
233275
233276
233305
233306
233310
233311
233312
233314
233315
233337
233338
233339
233340
233341
233342
233346
233347
233348
233349
233350
233351
233374
233375
233376
233377
233378
233380
233381
233406
233407
233408
233460
233461
233462
233463
233464
233465
233493
233494
233495
233502
233503
233504
233538
233539
233540
233541
233542
233543
233568
233569
233570
233580
233581
233582
233610
233612
233619
233621
233655
233656
233657
233658
233659
233660
233661
233662
233663
233688
233689
233690
233700
233701
233702
233730
233732
233736
233737
233738
233745
233747
233769
233770
233771
233772
233773
233774
233775
233776
233777
233853
233854
233855
233856
233857
233858
233883
233885
233892
233894
233895
233896
233897
233931
233932
233933
233940
233941
233942
233970
233972
233976
233977
233978
233979
233981
234003
234004
234005
234006
234007
234008
234009
234010
234011
234015
234016
234017
234039
234041
234042
234044
234045
234046
234047
234072
234073
234074
234084
234085
234086
234114
234116
234120
234121
234122
234129
234131
234153
234154
234155
234156
234157
234158
234159
234160
234161
234183
234185
234189
234190
234191
234198
234200
234234
234235
234236
234237
234238
234239
234261
234262
234263
234264
234265
234266
234267
234269
234273
234275
234297
234298
234299
234300
234301
234302
234303
234304
234305
234330
234331
234332
234342
234343
234344
234378
234379
234380
234381
234382
234383
234414
234415
234416
234417
234418
234419
234450
234452
234459
234461
234495
234496
234497
234498
234499
234500
234501
234502
234503
234534
234535
234536
234537
234538
234539
234573
234574
234575
234579
234580
234581
234621
234622
234623
234651
234653
234660
234662
234693
234694
234695
234696
234697
234698
234699
234700
234701
234723
234724
234725
234735
234736
234737
234768
234770
234771
234772
234773
234774
234776
234801
234802
234803
234804
234805
234806
234807
234808
234809
234810
234811
234812
234837
234838
234839
234840
234842
234843
234845
234867
234869
234873
234874
234875
234882
234884
234918
234919
234920
234921
234922
234923
234945
234946
234947
234948
234949
234950
234951
234953
234954
234956
234981
234982
234983
234984
234985
234986
234987
234988
234989
235014
235015
235016
235026
235027
235028
235059
235060
235061
235062
235063
235064
235104
235105
235106
235134
235135
235136
235140
235141
235142
235143
235144
235145
235182
235183
235184
235212
235214
235221
235223
235257
235258
235259
235260
235261
235262
235263
235264
235265
235305
235306
235307
235332
235334
235338
235339
235340
235347
235349
235371
235372
235373
235374
235375
235376
235377
235378
235379
235404
235406
235413
235415
235455
235456
235457
235458
235459
235460
235485
235486
235487
235488
235489
235490
235491
235493
235494
235496
235521
235522
235523
235524
235525
235526
235527
235528
235529
235551
235552
235553
235557
235559
235563
235565
235599
235600
235601
235602
235603
235604
235629
235630
235631
235632
235633
235634
235635
235637
235641
235643
235665
235666
235667
235668
235669
235670
235671
235672
235673
235704
235705
235706
235713
235714
235715
235740
235741
235742
235743
235744
235745
235746
235747
235748
235782
235783
235784
235791
235792
235793
235821
235822
235823
235827
235828
235829
235869
235870
235871
235893
235895
235902
235904
235941
235942
235943
235944
235945
235946
235947
235948
235949
235980
235981
235982
235989
235990
235991
236016
236018
236022
236023
236024
236025
236027
236055
236056
236057
236058
236059
236060
236061
236062
236063
236103
236104
236105
236130
236132
236136
236137
236138
236139
236141
236169
236170
236171
236172
236173
236174
236175
236176
236177
236199
236201
236208
236210
236256
236257
236258
236259
236260
236261
236283
236284
236285
236286
236287
236288
236289
236291
236292
236294
236319
236320
236321
236322
236323
236324
236325
236326
236327
236349
236350
236351
236361
236362
236363
236394
236396
236397
236398
236399
236400
236402
236427
236428
236429
236430
236431
236432
236433
236434
236435
236436
236437
236438
236463
236464
236465
236466
236468
236469
236471
236496
236497
236498
236508
236509
236510
236541
236542
236543
236544
236545
236546
236580
236581
236582
236583
236584
236585
236616
236618
236625
236627
236661
236662
236663
236664
236665
236666
236667
236668
236669
236700
236701
236702
236709
236710
236711
236736
236737
236738
236742
236744
236748
236750
236775
236776
236777
236778
236779
236780
236781
236782
236783
236820
236821
236822
236850
236851
236852
236856
236857
236858
236859
236860
236861
236883
236885
236889
236891
236892
236893
236894
236919
236920
236921
236937
236938
236939
236964
236966
236967
236969
236973
236974
236975
236997
236998
236999
237000
237001
237002
237006
237007
237008
237009
237010
237011
237033
237035
237036
237037
237038
237039
237041
237081
237082
237083
237111
237112
237113
237117
237118
237119
237153
237154
237155
237189
237190
237191
237195
237196
237197
237219
237221
237228
237230
237237
237238
237239
237279
237280
237281
237306
237307
237308
237309
237310
237311
237312
237313
237314
237339
237341
237345
237346
237347
237351
237353
237387
237388
237389
237420
237421
237422
237423
237424
237425
237429
237430
237431
237453
237455
237462
237464
237465
237466
237467
237492
237493
237494
237504
237505
237506
237534
237536
237540
237541
237542
237543
237545
237573
237574
237575
237576
237577
237578
237579
237580
237581
237603
237604
237605
237609
237611
237621
237623
237651
237652
237653
237657
237658
237659
237681
237682
237683
237684
237685
237686
237687
237689
237693
237695
237717
237718
237719
237720
237721
237722
237723
237724
237725
237759
237760
237761
237792
237793
237794
237795
237796
237797
237801
237802
237803
237837
237838
237839
237873
237874
237875
237876
237877
237878
237903
237905
237912
237914
237915
237916
237917
237963
237964
237965
237990
237991
237992
237993
237994
237995
237996
237997
237998
238023
238025
238029
238030
238031
238035
238037
238071
238072
238073
238104
238106
238110
238111
238112
238113
238115
238143
238144
238145
238146
238147
238148
238149
238150
238151
238173
238175
238179
238180
238181
238188
238190
238224
238225
238226
238227
238228
238229
238251
238252
238253
238254
238255
238256
238260
238262
238263
238265
238287
238288
238289
238290
238291
238292
238293
238294
238295
238332
238333
238334
238362
238363
238364
238368
238369
238370
238371
238372
238373
238410
238411
238412
238446
238447
238448
238449
238450
238451
238476
238478
238479
238481
238488
238489
238490
238524
238525
238526
238527
238528
238529
238560
238562
238566
238567
238568
238575
238577
238599
238600
238601
238602
238603
238604
238605
238606
238607
238638
238639
238640
238641
238642
238643
238674
238675
238676
238680
238682
238686
238688
238713
238714
238715
238716
238717
238718
238719
238720
238721
238761
238762
238763
238788
238789
238790
238794
238796
238800
238802
238827
238828
238829
238830
238831
238832
238833
238834
238835
238875
238876
238877
238902
238904
238908
238909
238910
238911
238913
238941
238942
238943
238944
238945
238946
238947
238948
238949
238971
238972
238973
238977
238979
238983
238985
239019
239020
239021
239022
239023
239024
239049
239050
239051
239052
239053
239054
239055
239057
239058
239060
239085
239086
239087
239088
239089
239090
239091
239092
239093
239133
239134
239135
239163
239164
239165
239169
239170
239171
239202
239203
239204
239211
239212
239213
239235
239237
239244
239246
239283
239284
239285
239286
239287
239288
239289
239290
239291
239316
239317
239318
239328
239329
239330
239358
239360
239364
239365
239366
239367
239369
239397
239398
239399
239400
239401
239402
239403
239404
239405
239436
239437
239438
239445
239446
239447
239472
239474
239478
239479
239480
239487
239489
239511
239512
239513
239514
239515
239516
239517
239518
239519
239556
239557
239558
239586
239588
239592
239593
239594
239595
239597
239625
239626
239627
239628
239629
239630
239631
239632
239633
239667
239668
239669
239700
239702
239706
239707
239708
239715
239717
239739
239740
239741
239742
239743
239744
239745
239746
239747
239778
239779
239780
239781
239782
239783
239814
239815
239816
239820
239822
239826
239828
239853
239854
239855
239856
239857
239858
239859
239860
239861
239883
239884
239885
239889
239891
239901
239903
239931
239932
239933
239937
239938
239939
239961
239962
239963
239964
239965
239966
239970
239972
239973
239975
239997
239998
239999
240000
240001
240002
240003
240004
240005
240036
240037
240038
240039
240040
240041
240078
240079
240080
240081
240082
240083
240114
240115
240116
240117
240118
240119
240153
240155
240162
240164
240195
240196
240197
240198
240199
240200
240201
240202
240203
240234
240235
240236
240243
240244
240245
240270
240271
240272
240276
240278
240282
240284
240309
240310
240311
240312
240313
240314
240315
240316
240317
240351
240352
240353
240384
240386
240390
240391
240392
240393
240395
240423
240424
240425
240426
240427
240428
240429
240430
240431
240453
240455
240459
240460
240461
240468
240470
240504
240505
240506
240507
240508
240509
240531
240532
240533
240534
240535
240536
240540
240542
240543
240545
240567
240568
240569
240570
240571
240572
240573
240574
240575
240615
240616
240617
240642
240643
240644
240645
240646
240647
240651
240652
240653
240690
240691
240692
240723
240724
240725
240729
240730
240731
240753
240755
240762
240764
240771
240772
240773
240804
240805
240806
240846
240847
240848
240852
240853
240854
240855
240856
240857
240879
240881
240885
240887
240888
240889
240890
240966
240967
240968
240972
240973
240974
240975
240976
240977
240999
241001
241005
241007
241008
241009
241010
241047
241048
241049
241080
241081
241082
241083
241084
241085
241089
241090
241091
241113
241115
241122
241124
241125
241126
241127
241167
241168
241169
241194
241196
241200
241201
241202
241203
241205
241233
241234
241235
241236
241237
241238
241239
241240
241241
241263
241264
241265
241269
241271
241281
241283
241311
241312
241313
241317
241318
241319
241341
241342
241343
241344
241345
241346
241347
241349
241350
241352
241377
241378
241379
241380
241381
241382
241383
241384
241385
241419
241420
241421
241452
241453
241454
241455
241456
241457
241458
241459
241460
241503
241504
241505
241533
241534
241535
241536
241537
241538
241563
241564
241572
241573
241575
241576
241577
241623
241624
241625
241650
241651
241652
241653
241654
241655
241659
241660
241661
241683
241684
241692
241693
241695
241696
241697
241719
241720
241721
241731
241732
241733
241764
241765
241767
241768
241769
241770
241771
241797
241798
241799
241800
241801
241802
241803
241804
241805
241809
241810
241811
241833
241834
241836
241837
241839
241840
241841
241881
241882
241883
241908
241909
241910
241911
241912
241913
241917
241918
241919
241950
241951
241952
241953
241954
241955
241989
241990
241991
241995
241996
241997
242019
242021
242028
242030
242037
242038
242039
242076
242077
242078
242106
242107
242108
242109
242110
242111
242112
242113
242114
242139
242141
242145
242146
242147
242151
242153
242193
242194
242195
242220
242221
242222
242226
242227
242228
242229
242230
242231
242253
242255
242259
242261
242262
242263
242264
242301
242302
242303
242334
242335
242336
242337
242338
242339
242343
242344
242345
242367
242369
242376
242378
242379
242380
242381
242403
242404
242405
242421
242422
242423
242448
242450
242451
242453
242457
242458
242459
242481
242482
242483
242484
242485
242486
242487
242488
242489
242490
242491
242492
242517
242518
242519
242520
242522
242523
242525
242565
242566
242567
242592
242593
242594
242598
242599
242600
242601
242602
242603
242640
242641
242642
242670
242671
242672
242676
242677
242678
242679
242680
242681
242718
242719
242720
242754
242755
242756
242757
242758
242759
242793
242794
242795
242832
242833
242834
242835
242836
242837
242862
242864
242865
242867
242874
242875
242876
242904
242906
242913
242915
242955
242956
242957
242958
242959
242960
242985
242986
242987
242988
242989
242990
242991
242993
242997
242999
243021
243022
243023
243024
243025
243026
243027
243028
243029
243051
243053
243060
243062
243108
243109
243110
243111
243112
243113
243135
243136
243137
243138
243139
243140
243141
243143
243147
243149
243171
243172
243173
243174
243175
243176
243177
243178
243179
243207
243208
243209
243216
243217
243218
243246
243248
243252
243253
243254
243255
243257
243279
243280
243281
243282
243283
243284
243285
243286
243287
243288
243289
243290
243315
243316
243317
243318
243320
243321
243323
243354
243355
243356
243357
243358
243359
243393
243394
243395
243399
243400
243401
243432
243433
243434
243441
243442
243443
243471
243473
243480
243482
243513
243514
243515
243516
243517
243518
243519
243520
243521
243555
243556
243557
243588
243589
243590
243591
243592
243593
243597
243598
243599
243621
243622
243623
243639
243640
243641
243666
243668
243669
243671
243675
243676
243677
243699
243700
243701
243705
243706
243707
243708
243709
243710
243738
243740
243741
243742
243743
243744
243746
243786
243787
243788
243816
243817
243818
243819
243820
243821
243822
243823
243824
243849
243851
243855
243856
243857
243861
243863
243885
243886
243887
243903
243904
243905
243930
243932
243933
243935
243939
243940
243941
243963
243964
243965
243966
243967
243968
243972
243973
243974
243975
243976
243977
243999
244001
244002
244003
244004
244005
244007
244032
244033
244034
244044
244045
244046
244074
244075
244076
244080
244081
244082
244083
244084
244085
244122
244123
244124
244158
244159
244160
244161
244162
244163
244188
244190
244191
244193
244200
244201
244202
244230
244231
244232
244278
244279
244280
244284
244285
244286
244287
244288
244289
244311
244313
244317
244319
244320
244321
244322
244398
244399
244400
244401
244402
244403
244404
244405
244406
244431
244433
244437
244438
244439
244443
244445
244482
244483
244484
244512
244514
244518
244519
244520
244527
244529
244551
244552
244553
244554
244555
244556
244557
244558
244559
244593
244594
244595
244626
244627
244628
244629
244630
244631
244635
244636
244637
244659
244661
244668
244670
244671
244672
244673
244710
244711
244712
244740
244741
244742
244743
244744
244745
244746
244747
244748
244773
244775
244779
244780
244781
244785
244787
244815
244816
244817
244824
244825
244826
244854
244856
244860
244861
244862
244863
244865
244887
244888
244889
244890
244891
244892
244896
244897
244898
244899
244900
244901
244923
244925
244926
244927
244928
244929
244931
244962
244963
244964
244971
244972
244973
245001
245002
245003
245007
245008
245009
245043
245044
245045
245073
245075
245082
245084
245121
245122
245123
245124
245125
245126
245127
245128
245129
245154
245155
245156
245166
245167
245168
245196
245197
245198
245202
245204
245208
245210
245235
245236
245237
245238
245239
245240
245241
245242
245243
245274
245275
245276
245277
245278
245279
245310
245312
245316
245317
245318
245325
245327
245349
245350
245351
245352
245353
245354
245355
245356
245357
245388
245389
245390
245397
245398
245399
245424
245425
245426
245430
245432
245436
245438
245463
245464
245465
245466
245467
245468
245469
245470
245471
245505
245506
245507
245538
245539
245540
245541
245542
245543
245544
245545
245546
245571
245573
245577
245578
245579
245583
245585
245607
245608
245609
245625
245626
245627
245652
245654
245655
245657
245661
245662
245663
245685
245686
245687
245688
245689
245690
245691
245692
245693
245694
245695
245696
245721
245722
245723
245724
245726
245727
245729
245754
245755
245756
245766
245767
245768
245799
245800
245801
245802
245803
245804
245838
245839
245840
245847
245848
245849
245874
245876
245883
245885
245919
245920
245921
245922
245923
245924
245925
245926
245927
245952
245953
245954
245964
245965
245966
245994
245996
246000
246001
246002
246003
246005
246033
246034
246035
246036
246037
246038
246039
246040
246041
246078
246079
246080
246108
246110
246114
246115
246116
246123
246125
246147
246148
246149
246150
246151
246152
246153
246154
246155
246177
246178
246179
246183
246185
246189
246191
246225
246226
246227
246228
246229
246230
246255
246256
246257
246258
246259
246260
246261
246263
246267
246269
246291
246292
246293
246294
246295
246296
246297
246298
246299
246330
246331
246332
246333
246334
246335
246372
246373
246374
246375
246376
246377
246402
246403
246404
246414
246415
246416
246447
246449
246456
246458
246489
246490
246491
246492
246493
246494
246495
246496
246497
246522
246523
246524
246534
246535
246536
246564
246566
246570
246571
246572
246579
246581
246603
246604
246605
246606
246607
246608
246609
246610
246611
246648
246649
246650
246678
246680
246684
246685
246686
246693
246695
246717
246718
246719
246720
246721
246722
246723
246724
246725
246747
246749
246753
246754
246755
246762
246764
246798
246799
246800
246801
246802
246803
246825
246826
246827
246828
246829
246830
246831
246833
246837
246839
246861
246862
246863
246864
246865
246866
246867
246868
246869
246894
246895
246896
246906
246907
246908
246939
246940
246941
246942
246943
246944
246984
246985
246986
247014
247016
247023
247025
247059
247060
247061
247062
247063
247064
247065
247066
247067
247104
247105
247106
247134
247135
247136
247140
247141
247142
247143
247144
247145
247167
247169
247173
247175
247176
247177
247178
247215
247216
247217
247248
247249
247250
247254
247255
247256
247257
247258
247259
247281
247283
247287
247289
247290
247291
247292
247332
247333
247334
247362
247363
247364
247365
247366
247367
247368
247369
247370
247395
247397
247401
247402
247403
247407
247409
247449
247450
247451
247476
247478
247482
247483
247484
247491
247493
247515
247516
247517
247518
247519
247520
247521
247522
247523
247545
247546
247547
247551
247553
247557
247559
247593
247594
247595
247596
247597
247598
247623
247624
247625
247626
247627
247628
247629
247631
247632
247634
247659
247660
247661
247662
247663
247664
247665
247666
247667
247707
247708
247709
247734
247735
247736
247740
247741
247742
247743
247744
247745
247779
247780
247781
247815
247816
247817
247818
247819
247820
247857
247858
247859
247893
247894
247895
247896
247897
247898
247923
247925
247932
247934
247935
247936
247937
247965
247967
247974
247976
248022
248023
248024
248025
248026
248027
248049
248050
248051
248052
248053
248054
248058
248060
248061
248063
248085
248086
248087
248088
248089
248090
248091
248092
248093
248133
248134
248135
248160
248161
248162
248163
248164
248165
248166
248167
248168
248193
248195
248199
248200
248201
248205
248207
248235
248236
248237
248244
248245
248246
248274
248276
248280
248281
248282
248283
248285
248307
248308
248309
248310
248311
248312
248313
248314
248315
248319
248320
248321
248343
248345
248346
248348
248349
248350
248351
248388
248389
248390
248424
248425
248426
248427
248428
248429
248463
248464
248465
248502
248503
248504
248505
248506
248507
248533
248534
248536
248537
248544
248545
248546
248586
248587
248588
248622
248623
248624
248625
248626
248627
248655
248656
248657
248664
248665
248666
248695
248696
248700
248701
248702
248704
248705
248727
248728
248729
248736
248737
248738
248739
248740
248741
248767
248768
248772
248773
248774
248776
248777
248799
248800
248801
248806
248807
248818
248819
248847
248848
248849
248853
248854
248855
248877
248878
248879
248880
248881
248882
248884
248885
248890
248891
248913
248914
248915
248916
248917
248918
248919
248920
248921
248952
248953
248954
248961
248962
248963
248994
248995
248996
248997
248998
248999
249030
249031
249032
249039
249040
249041
249063
249065
249072
249074
249111
249112
249113
249114
249115
249116
249117
249118
249119
249150
249151
249152
249153
249154
249155
249192
249193
249194
249195
249196
249197
249231
249232
249233
249264
249265
249266
249267
249268
249269
249273
249274
249275
249297
249299
249306
249308
249309
249310
249311
249345
249346
249347
249375
249377
249384
249386
249387
249388
249389
249417
249418
249419
249420
249421
249422
249423
249424
249425
249426
249427
249428
249453
249454
249455
249456
249458
249459
249461
249483
249484
249485
249501
249502
249503
249528
249530
249531
249533
249537
249538
249539
249561
249562
249563
249564
249565
249566
249567
249568
249569
249573
249574
249575
249597
249599
249600
249602
249603
249604
249605
249636
249637
249638
249645
249646
249647
249672
249673
249674
249675
249676
249677
249678
249679
249680
249723
249724
249725
249753
249754
249755
249759
249760
249761
249784
249785
249793
249794
249801
249802
249803
249843
249844
249845
249873
249874
249875
249879
249880
249881
249904
249905
249909
249910
249911
249919
249920
249954
249955
249956
249957
249958
249959
249982
249983
249987
249988
249989
249997
249998
250023
250024
250025
250026
250027
250028
250029
250030
250031
250053
250054
250055
250065
250066
250067
250099
250100
250101
250102
250103
250105
250106
250131
250132
250133
250134
250135
250136
250137
250138
250139
250140
250141
250142
250167
250168
250169
250171
250172
250174
250175
250206
250207
250208
250209
250210
250211
250242
250243
250244
250245
250246
250247
250251
250252
250253
250287
250288
250289
250323
250324
250325
250326
250327
250328
250353
250355
250362
250364
250365
250366
250367
250407
250408
250409
250443
250444
250445
250446
250447
250448
250473
250474
250475
250479
250481
250491
250493
250521
250522
250523
250527
250528
250529
250551
250552
250553
250557
250559
250569
250571
250593
250594
250595
250596
250597
250598
250599
250600
250601
250641
250642
250643
250668
250669
250670
250674
250675
250676
250677
250678
250679
250701
250703
250707
250709
250710
250711
250712
250737
250738
250739
250755
250756
250757
250782
250784
250785
250787
250791
250792
250793
250815
250816
250817
250818
250819
250820
250821
250822
250823
250827
250828
250829
250851
250853
250854
250856
250857
250858
250859
250890
250891
250892
250899
250900
250901
250932
250933
250934
250935
250936
250937
250971
250972
250973
251002
251003
251011
251012
251049
251050
251051
251052
251053
251054
251055
251056
251057
251082
251083
251084
251094
251095
251096
251127
251128
251129
251130
251131
251132
251158
251159
251163
251164
251165
251173
251174
251208
251209
251210
251211
251212
251213
251235
251236
251237
251242
251243
251248
251249
251277
251278
251279
251280
251281
251282
251283
251284
251285
251307
251308
251309
251319
251320
251321
251353
251354
251355
251356
251357
251359
251360
251385
251386
251387
251388
251389
251390
251394
251395
251396
251397
251398
251399
251422
251423
251424
251425
251426
251428
251429
251454
251455
251456
251466
251467
251468
251496
251497
251498
251499
251500
251501
251505
251506
251507
251547
251548
251549
251580
251581
251582
251583
251584
251585
251610
251612
251613
251615
251622
251623
251624
251667
251668
251669
251694
251696
251700
251701
251702
251703
251705
251733
251734
251735
251736
251737
251738
251739
251740
251741
251781
251782
251783
251808
251810
251814
251815
251816
251817
251819
251847
251848
251849
251850
251851
251852
251853
251854
251855
251877
251879
251883
251884
251885
251892
251894
251928
251929
251930
251931
251932
251933
251955
251956
251957
251958
251959
251960
251961
251963
251964
251966
251991
251992
251993
251994
251995
251996
251997
251998
251999
252036
252037
252038
252072
252073
252074
252075
252076
252077
252108
252109
252110
252111
252112
252113
252144
252146
252153
252155
252189
252190
252191
252192
252193
252194
252195
252196
252197
252237
252238
252239
252267
252268
252269
252273
252274
252275
252300
252301
252302
252312
252313
252314
252342
252343
252344
252348
252350
252354
252356
252381
252382
252383
252384
252385
252386
252387
252388
252389
252411
252413
252417
252418
252419
252426
252428
252462
252463
252464
252465
252466
252467
252489
252491
252495
252496
252497
252504
252506
252531
252532
252533
252534
252535
252536
252537
252538
252539
252576
252577
252578
252606
252607
252608
252609
252610
252611
252612
252613
252614
252639
252641
252645
252646
252647
252651
252653
252681
252682
252683
252690
252691
252692
252720
252722
252726
252727
252728
252729
252731
252753
252754
252755
252756
252757
252758
252762
252763
252764
252765
252766
252767
252789
252791
252792
252793
252794
252795
252797
252837
252838
252839
252864
252865
252866
252870
252871
252872
252873
252874
252875
252915
252916
252917
252945
252946
252947
252951
252952
252953
252975
252977
252984
252986
252993
252994
252995
253035
253036
253037
253062
253063
253064
253065
253066
253067
253071
253072
253073
253095
253097
253104
253106
253107
253108
253109
253137
253138
253139
253146
253147
253148
253176
253178
253182
253183
253184
253185
253187
253209
253210
253211
253212
253213
253214
253215
253216
253217
253221
253222
253223
253245
253247
253248
253250
253251
253252
253253
253284
253285
253286
253287
253288
253289
253323
253324
253325
253329
253330
253331
253356
253357
253358
253368
253369
253370
253401
253403
253410
253412
253443
253444
253445
253446
253447
253448
253449
253450
253451
253482
253483
253484
253491
253492
253493
253521
253522
253523
253527
253528
253529
253566
253567
253568
253593
253595
253602
253604
253641
253642
253643
253644
253645
253646
253647
253648
253649
253677
253678
253679
253686
253687
253688
253716
253718
253722
253723
253724
253725
253727
253749
253750
253751
253752
253753
253754
253755
253756
253757
253758
253759
253760
253785
253786
253787
253788
253790
253791
253793
253815
253816
253817
253821
253823
253833
253835
253863
253864
253865
253869
253870
253871
253893
253894
253895
253896
253897
253898
253899
253901
253905
253907
253929
253930
253931
253932
253933
253934
253935
253936
253937
253977
253978
253979
254004
254005
254006
254007
254008
254009
254013
254014
254015
254055
254056
254057
254085
254086
254087
254088
254089
254090
254133
254134
254135
254163
254164
254165
254169
254170
254171
254194
254195
254203
254204
254211
254212
254213
254253
254254
254255
254286
254287
254288
254289
254290
254291
254314
254315
254323
254324
254370
254371
254372
254373
254374
254375
254398
254399
254403
254404
254405
254413
254414
254439
254440
254441
254442
254443
254444
254445
254446
254447
254481
254482
254483
254514
254515
254516
254521
254522
254527
254528
254553
254554
254555
254556
254557
254558
254559
254560
254561
254595
254596
254597
254629
254630
254634
254635
254636
254638
254639
254667
254668
254669
254670
254671
254672
254673
254674
254675
254698
254699
254703
254704
254705
254713
254714
254748
254749
254750
254751
254752
254753
254775
254776
254777
254778
254779
254780
254785
254786
254788
254789
254811
254812
254813
254814
254815
254816
254817
254818
254819
254842
254843
254847
254848
254849
254857
254858
254892
254893
254894
254895
254896
254897
254919
254920
254921
254922
254923
254924
254929
254930
254932
254933
254955
254956
254957
254958
254959
254960
254961
254962
254963
255000
255001
255002
255030
255031
255032
255033
255034
255035
255039
255040
255041
255081
255082
255083
255114
255115
255116
255117
255118
255119
255145
255146
255148
255149
255156
255157
255158
255192
255193
255194
255195
255196
255197
255229
255230
255234
255235
255236
255238
255239
255267
255268
255269
255270
255271
255272
255273
255274
255275
255309
255310
255311
255342
255343
255344
255345
255346
255347
255351
255352
255353
255376
255377
255385
255386
255387
255388
255389
255411
255412
255413
255423
255424
255425
255457
255458
255459
255460
255461
255463
255464
255489
255490
255491
255492
255493
255494
255495
255496
255497
255498
255499
255500
255525
255526
255527
255529
255530
255532
255533
255564
255565
255566
255573
255574
255575
255600
255601
255602
255603
255604
255605
255606
255607
255608
255648
255649
255650
255678
255679
255680
255681
255682
255683
255684
255685
255686
255729
255730
255731
255759
255760
255761
255765
255766
255767
255790
255791
255799
255800
255807
255808
255809
255831
255832
255833
255843
255844
255845
255877
255878
255879
255880
255881
255883
255884
255909
255910
255911
255918
255919
255920
255921
255922
255923
255949
255950
255954
255955
255956
255958
255959
255981
255982
255983
255993
255994
255995
256027
256028
256029
256030
256031
256033
256034
256059
256060
256061
256062
256063
256064
256065
256066
256067
256071
256072
256073
256096
256097
256099
256100
256101
256102
256103
256128
256129
256130
256140
256141
256142
256170
256171
256172
256173
256174
256175
256179
256180
256181
256221
256222
256223
256254
256255
256256
256257
256258
256259
256338
256339
256340
256341
256342
256343
256369
256370
256372
256373
256380
256381
256382
256410
256411
256412
256422
256423
256424
256450
256451
256459
256460
256497
256498
256499
256500
256501
256502
256503
256504
256505
256536
256537
256538
256545
256546
256547
256573
256574
256578
256579
256580
256582
256583
256611
256612
256613
256614
256615
256616
256617
256618
256619
256659
256660
256661
256686
256687
256688
256689
256690
256691
256695
256696
256697
256720
256721
256729
256730
256731
256732
256733
256755
256756
256757
256762
256763
256768
256769
256803
256804
256805
256806
256807
256808
256833
256834
256835
256836
256837
256838
256840
256841
256846
256847
256869
256870
256871
256872
256873
256874
256875
256876
256877
256899
256900
256901
256917
256918
256919
256945
256946
256948
256949
256953
256954
256955
256977
256978
256979
256980
256981
256982
256983
256984
256985
256989
256990
256991
257014
257015
257017
257018
257019
257020
257021
257055
257056
257057
257094
257095
257096
257097
257098
257099
257124
257125
257126
257136
257137
257138
257169
257170
257171
257172
257173
257174
257211
257212
257213
257250
257251
257252
257253
257254
257255
257280
257281
257283
257284
257292
257293
257294
257331
257332
257333
257367
257368
257376
257377
257409
257410
257411
257412
257413
257414
257415
257416
257417
257439
257440
257445
257446
257447
257454
257455
257490
257491
257492
257493
257494
257495
257517
257518
257519
257520
257521
257522
257526
257527
257529
257530
257553
257554
257555
257556
257557
257558
257559
257560
257561
257583
257584
257585
257589
257590
257601
257602
257631
257632
257633
257637
257638
257639
257661
257662
257663
257664
257665
257666
257670
257671
257673
257674
257697
257698
257699
257700
257701
257702
257703
257704
257705
257730
257731
257732
257742
257743
257744
257775
257776
257777
257778
257779
257780
257808
257809
257810
257820
257821
257822
257850
257852
257859
257861
257895
257896
257897
257898
257899
257900
257901
257902
257903
257940
257941
257942
257976
257977
257978
257979
257980
257981
258018
258019
258020
258048
258050
258054
258055
258056
258063
258065
258087
258088
258089
258090
258091
258092
258093
258094
258095
258132
258133
258134
258168
258169
258170
258171
258172
258173
258198
258200
258201
258203
258210
258211
258212
258243
258244
258245
258252
258253
258254
258282
258284
258288
258289
258290
258291
258293
258315
258316
258317
258318
258319
258320
258324
258325
258326
258327
258328
258329
258351
258353
258354
258355
258356
258357
258359
258381
258382
258383
258387
258389
258393
258395
258429
258430
258431
258432
258433
258434
258459
258460
258461
258462
258463
258464
258465
258467
258471
258473
258495
258496
258497
258498
258499
258500
258501
258502
258503
258528
258529
258530
258540
258541
258542
258573
258574
258575
258576
258577
258578
258606
258607
258608
258618
258619
258620
258649
258650
258658
258659
258693
258694
258695
258696
258697
258698
258699
258700
258701
258741
258742
258743
258768
258769
258770
258774
258775
258776
258777
258778
258779
258802
258803
258808
258809
258810
258811
258812
258855
258856
258857
258885
258886
258887
258891
258892
258893
258916
258917
258921
258922
258923
258931
258932
258966
258967
258968
258969
258970
258971
258994
258995
258999
259000
259001
259009
259010
259035
259036
259037
259038
259039
259040
259041
259042
259043
259071
259072
259073
259080
259081
259082
259111
259112
259116
259117
259118
259120
259121
259143
259144
259145
259146
259147
259148
259149
259150
259151
259152
259153
259154
259179
259180
259181
259183
259184
259186
259187
259212
259213
259214
259224
259225
259226
259260
259261
259262
259263
259264
259265
259302
259303
259304
259332
259333
259334
259335
259336
259337
259338
259339
259340
259383
259384
259385
259416
259417
259418
259419
259420
259421
259447
259448
259450
259451
259458
259459
259460
259497
259498
259499
259536
259537
259538
259539
259540
259541
259567
259568
259570
259571
259578
259579
259580
259620
259621
259622
259650
259651
259652
259653
259654
259655
259656
259657
259658
259684
259685
259689
259690
259691
259696
259697
259737
259738
259739
259764
259765
259766
259767
259768
259769
259773
259774
259775
259798
259799
259807
259808
259809
259810
259811
259833
259834
259835
259845
259846
259847
259879
259880
259881
259882
259883
259885
259886
259911
259912
259913
259914
259915
259916
259920
259921
259922
259923
259924
259925
259948
259949
259950
259951
259952
259954
259955
259983
259984
259985
259992
259993
259994
260023
260024
260028
260029
260030
260032
260033
260055
260056
260057
260058
260059
260060
260061
260062
260063
260067
260068
260069
260092
260093
260095
260096
260097
260098
260099
260124
260125
260126
260136
260137
260138
260169
260170
260171
260172
260173
260174
260202
260203
260204
260214
260215
260216
260244
260245
260253
260254
260289
260290
260291
260292
260293
260294
260295
260296
260297
260334
260335
260336
260364
260365
260370
260371
260372
260379
260380
260403
260404
260405
260406
260407
260408
260409
260410
260411
260448
260449
260450
260478
260479
260480
260484
260485
260486
260487
260488
260489
260511
260512
260517
260518
260520
260521
260522
260565
260566
260567
260592
260593
260598
260599
260600
260607
260608
260631
260632
260633
260634
260635
260636
260637
260638
260639
260661
260662
260663
260667
260668
260673
260674
260709
260710
260711
260712
260713
260714
260739
260740
260741
260742
260743
260744
260745
260746
260748
260749
260775
260776
260777
260778
260779
260780
260781
260782
260783
